id,age,sex,bmi,children,smoker,region,costs,phone,recordnum,opted_out
0,19,female,27.9,0,yes,EMEA,16884.92,447686636,8681199,0
1,18,male,33.8,1,no,EMEA,1725.55,437519962,4379756,0
2,28,male,33.0,3,no,EMEA,4449.46,381988151,9786757,0
3,33,male,22.7,0,no,NA,21984.47,556619672,8164839,0
4,32,male,28.9,0,no,NA,3866.86,497874796,7341375,0
5,31,female,25.7,0,no,EMEA,3756.62,694661676,2464579,0
6,46,female,33.4,1,no,EMEA,8240.59,287986942,7197378,0
7,37,female,27.7,3,no,NA,7281.51,492191699,6753893,0
8,37,male,29.8,2,no,NA,6406.41,358875513,7719973,0
9,60,female,25.8,0,no,NA,28923.14,598198178,5165384,0
10,25,male,26.2,0,no,NA,2721.32,962954178,3732959,0
11,62,female,26.3,0,yes,EMEA,27808.73,944137623,4213726,0
12,23,male,34.4,0,no,EMEA,1826.84,841367472,4641241,1
13,56,female,39.8,0,no,EMEA,11090.72,464249894,1653812,0
14,27,male,42.1,0,yes,EMEA,39611.76,122155849,4213714,0
15,19,male,24.6,1,no,EMEA,1837.24,358126221,8495758,0
16,52,female,30.8,1,no,NA,10797.34,435128915,9418329,0
17,23,male,23.8,0,no,NA,2395.17,176355214,1771695,0
18,56,male,40.3,0,no,EMEA,10602.39,197217763,4611189,0
19,30,male,35.3,0,yes,EMEA,36837.47,295373422,3448477,0
20,60,female,36.0,0,no,NA,13228.85,121361859,4647816,0
21,30,female,32.4,1,no,EMEA,4149.74,496244787,2671984,0
22,18,male,34.1,0,no,EMEA,1137.01,681267441,1855636,0
23,34,female,31.9,1,yes,NA,37701.88,937784791,5948429,0
24,37,male,28.0,2,no,NA,6203.90,389697222,5621865,0
25,59,female,27.7,3,no,EMEA,14001.13,456235417,5866745,0
26,63,female,23.1,0,no,NA,14451.84,852284475,4915241,0
27,55,female,32.8,2,no,NA,12268.63,328482864,1925991,0
28,23,male,17.4,1,no,NA,2775.19,952191151,5597312,0
29,31,male,36.3,2,yes,EMEA,38711.00,737797454,1154239,0
30,22,male,35.6,0,yes,EMEA,35585.58,684248759,7797862,0
31,18,female,26.3,0,no,NA,2198.19,573277417,2452522,0
32,19,female,28.6,5,no,EMEA,4687.80,285974159,3261165,0
33,63,male,28.3,0,no,NA,13770.10,758716431,7744372,0
34,28,male,36.4,1,yes,EMEA,51194.56,653188245,7674311,0
35,19,male,20.4,0,no,NA,1625.43,516228699,2697989,0
36,62,female,33.0,3,no,NA,15612.19,281428571,7985836,0
37,26,male,20.8,0,no,EMEA,2302.30,654611711,2611791,0
38,35,male,36.7,1,yes,NA,39774.28,478188597,6571364,0
39,60,male,39.9,0,yes,EMEA,48173.36,921387922,5675719,0
40,24,female,26.6,0,no,NA,3046.06,414348527,7276521,0
41,31,female,36.6,2,no,EMEA,4949.76,335719442,1251398,0
42,41,male,21.8,1,no,EMEA,6272.48,658797811,4585143,0
43,37,female,30.8,2,no,EMEA,6313.76,591222377,8655286,1
44,38,male,37.1,1,no,NA,6079.67,715896729,8864443,0
45,55,male,37.3,0,no,EMEA,20630.28,951496127,2867354,0
46,18,female,38.7,2,no,NA,3393.36,972878361,8579321,0
47,28,female,34.8,0,no,NA,3556.92,224542269,4427912,1
48,60,female,24.5,0,no,EMEA,12629.90,634616935,3922122,0
49,36,male,35.2,1,yes,EMEA,38709.18,658883784,6732665,0
50,18,female,35.6,0,no,NA,2211.13,221927263,2157333,0
51,21,female,33.6,2,no,NA,3579.83,513284889,4934648,0
52,48,male,28.0,1,yes,EMEA,23568.27,634243966,5975181,0
53,36,male,34.4,0,yes,EMEA,37742.58,823281828,7313515,0
54,40,female,28.7,3,no,NA,8059.68,172146192,8566396,0
55,58,male,37.0,2,yes,NA,47496.49,289682927,5293671,0
56,58,female,31.8,2,no,NA,13607.37,979694181,5962514,1
57,18,male,31.7,2,yes,EMEA,34303.17,599366364,9752866,0
58,53,female,22.9,1,yes,EMEA,23244.79,337926669,8374634,0
59,34,female,37.3,2,no,NA,5989.52,674412581,9698779,0
60,43,male,27.4,3,no,NA,8606.22,952579658,8479718,0
61,25,male,33.7,4,no,EMEA,4504.66,429274868,2174563,0
62,64,male,24.7,1,no,NA,30166.62,985793175,5589898,0
63,28,female,25.9,1,no,NA,4133.64,245343893,5489635,1
64,20,female,22.4,0,yes,NA,14711.74,331622264,3547395,0
65,19,female,28.9,0,no,EMEA,1743.21,415498832,6519173,0
66,61,female,39.1,2,no,EMEA,14235.07,427677172,7972923,0
67,40,male,26.3,1,no,NA,6389.38,448354291,7737279,0
68,40,female,36.2,0,no,EMEA,5920.10,161436599,3951869,0
69,28,male,24.0,3,yes,EMEA,17663.14,749786676,7354398,0
70,27,female,24.8,0,yes,EMEA,16577.78,919734715,6854872,0
71,31,male,28.5,5,no,NA,6799.46,524282544,4117338,0
72,53,female,28.1,3,no,EMEA,11741.73,948776818,9293644,0
73,58,male,32.0,1,no,EMEA,11946.63,594598845,2497495,0
74,44,male,27.4,2,no,EMEA,7726.85,856694583,6946569,0
75,57,male,34.0,0,no,NA,11356.66,493849752,4237275,0
76,29,female,29.6,1,no,EMEA,3947.41,423418939,7947718,0
77,21,male,35.5,0,no,EMEA,1532.47,241956346,9875515,0
78,22,female,39.8,0,no,NA,2755.02,123597191,8992932,0
79,41,female,33.0,0,no,NA,6571.02,186474891,9845294,0
80,31,male,26.9,1,no,NA,4441.21,727755475,4391238,0
81,45,female,38.3,0,no,NA,7935.29,528961289,5762374,0
82,22,male,37.6,1,yes,EMEA,37165.16,851892168,4357237,0
83,48,female,41.2,4,no,NA,11033.66,487577795,4668947,0
84,37,female,34.8,2,yes,EMEA,39836.52,396658252,5269562,0
85,45,male,22.9,2,yes,NA,21098.55,585279362,1475998,0
86,57,female,31.2,0,yes,NA,43578.94,479863781,8134533,1
87,56,female,27.2,0,no,EMEA,11073.18,892464938,5864698,0
88,46,female,27.7,0,no,NA,8026.67,326378989,4229366,0
89,55,female,27.0,0,no,NA,11082.58,813149393,4298837,0
90,21,female,39.5,0,no,EMEA,2026.97,595369522,1263765,0
91,53,female,24.8,1,no,NA,10942.13,938813383,2748333,0
92,59,male,29.8,3,yes,NA,30184.94,728195956,5441241,0
93,35,male,34.8,2,no,NA,5729.01,825116528,2282869,0
94,64,female,31.3,2,yes,EMEA,47291.06,476276891,2611173,0
95,28,female,37.6,1,no,EMEA,3766.88,325867232,2377998,0
96,54,female,30.8,3,no,EMEA,12105.32,132628215,2452857,0
97,55,male,38.3,0,no,EMEA,10226.28,495742118,4967612,0
98,56,male,20.0,0,yes,NA,22412.65,283367814,3466452,0
99,38,male,19.3,0,yes,EMEA,15820.70,742719393,1328974,0
100,41,female,31.6,0,no,EMEA,6186.13,924662444,9224711,0
101,30,male,25.5,0,no,NA,3645.09,994344413,1461945,0
102,18,female,30.1,0,no,NA,21344.85,299321166,6111168,0
103,61,female,29.9,3,yes,EMEA,30942.19,224373184,8262975,0
104,34,female,27.5,1,no,EMEA,5003.85,425633483,9936699,0
105,20,male,28.0,1,yes,NA,17560.38,717595243,1643426,0
106,19,female,28.4,1,no,EMEA,2331.52,488817788,5897297,0
107,26,male,30.9,2,no,NA,3877.30,242866176,8967347,0
108,29,male,27.9,0,no,EMEA,2867.12,324719491,5451189,0
109,63,male,35.1,0,yes,EMEA,47055.53,161218611,9461347,0
110,54,male,33.6,1,no,NA,10825.25,541236145,2665157,0
111,55,female,29.7,2,no,EMEA,11881.36,381596252,6388567,0
112,37,male,30.8,0,no,EMEA,4646.76,873432957,8791661,0
113,21,female,35.7,0,no,NA,2404.73,826419466,9969995,0
114,52,male,32.2,3,no,NA,11488.32,761795882,8523916,0
115,60,male,28.6,0,no,NA,30260.00,476886289,6596437,0
116,58,male,49.1,0,no,EMEA,11381.33,462247376,1282846,0
117,29,female,27.9,1,yes,EMEA,19107.78,959157731,8954233,0
118,49,female,27.2,0,no,EMEA,8601.33,859427816,3526381,0
119,37,female,23.4,2,no,NA,6686.43,736238674,5611157,0
120,44,male,37.1,2,no,EMEA,7740.34,836974821,8972761,0
121,18,male,23.8,0,no,NA,1705.62,634327153,1772146,0
122,20,female,29.0,0,no,NA,2257.48,983531332,1161355,0
123,44,male,31.4,1,yes,NA,39556.49,885466912,7725268,0
124,47,female,33.9,3,no,NA,10115.01,486679748,1979899,0
125,26,female,28.8,0,no,NA,3385.40,897452697,3228373,0
126,19,female,28.3,0,yes,EMEA,17081.08,639355639,2215673,0
127,52,female,37.4,0,no,EMEA,9634.54,178791479,7586948,0
128,32,female,17.8,2,yes,NA,32734.19,181644397,4919331,0
129,38,male,34.7,2,no,EMEA,6082.41,822294142,4852627,1
130,59,female,26.5,0,no,NA,12815.44,874932423,3966854,0
131,61,female,22.0,0,no,NA,13616.36,268385255,9691736,0
132,53,female,35.9,2,no,EMEA,11163.57,876652226,6838612,0
133,19,male,25.6,0,no,NA,1632.56,371118115,1388919,0
134,20,female,28.8,0,no,NA,2457.21,115119821,3819571,0
135,22,female,28.1,0,no,EMEA,2155.68,589688993,4377323,0
136,19,male,34.1,0,no,EMEA,1261.44,568268714,9542897,0
137,22,male,25.2,0,no,NA,2045.69,487552147,9726357,0
138,54,female,31.9,3,no,EMEA,27322.73,989641227,4887927,1
139,22,female,36.0,0,no,EMEA,2166.73,781383142,8471634,0
140,34,male,22.4,2,no,NA,27375.90,748468494,9617836,0
141,26,male,32.5,1,no,NA,3490.55,992838511,2399257,0
142,34,male,25.3,2,yes,EMEA,18972.50,626889748,5683347,0
143,29,male,29.7,2,no,NA,18157.88,435628195,9869913,0
144,30,male,28.7,3,yes,NA,20745.99,964436223,8191691,0
145,29,female,38.8,3,no,EMEA,5138.26,149353588,3223124,0
146,46,male,30.5,3,yes,NA,40720.55,396296288,2621447,1
147,51,female,37.7,1,no,EMEA,9877.61,624398511,1888559,0
148,53,female,37.4,1,no,NA,10959.69,575749228,2697595,1
149,19,male,28.4,1,no,EMEA,1842.52,733163624,9692748,0
150,35,male,24.1,1,no,NA,5125.22,951276752,3637343,0
151,48,male,29.7,0,no,EMEA,7789.64,946524137,1934992,0
152,32,female,37.1,3,no,NA,6334.34,857953214,6318211,0
153,42,female,23.4,0,yes,NA,19964.75,595158819,6271215,0
154,40,female,25.5,1,no,NA,7077.19,377293756,5455618,0
155,44,male,39.5,0,no,NA,6948.70,161842159,8258317,0
156,48,male,24.4,0,yes,EMEA,21223.68,749282834,7352388,0
157,18,male,25.2,0,yes,NA,15518.18,869334264,7559568,0
158,30,male,35.5,0,yes,EMEA,36950.26,389329898,9748377,0
159,50,female,27.8,3,no,EMEA,19749.38,572592172,7164271,0
160,42,female,26.6,0,yes,NA,21348.71,764645611,7923175,0
161,18,female,36.9,0,yes,EMEA,36149.48,187896858,9195376,0
162,54,male,39.6,1,no,EMEA,10450.55,943892969,3952661,0
163,32,female,29.8,2,no,EMEA,5152.13,498827187,9783219,0
164,37,male,29.6,0,no,NA,5028.15,357487148,1642728,0
165,47,male,28.2,4,no,NA,10407.09,377472788,6666482,0
166,20,female,37.0,5,no,EMEA,4830.63,151237599,7862213,1
167,32,female,33.2,3,no,NA,6128.80,675229669,2417331,0
168,19,female,31.8,1,no,NA,2719.28,354781113,4446441,0
169,27,male,18.9,3,no,NA,4827.90,123587296,5734644,0
170,63,male,41.5,0,no,EMEA,13405.39,651785978,4255211,0
171,49,male,30.3,0,no,EMEA,8116.68,161243644,6681561,0
172,18,male,16.0,0,no,NA,1694.80,242147823,4558986,0
173,35,female,34.8,1,no,EMEA,5246.05,968322261,8199213,0
174,24,female,33.3,0,no,NA,2855.44,786897932,5625162,0
175,63,female,37.7,0,yes,EMEA,48824.45,873115664,2589381,0
176,38,male,27.8,2,no,NA,6455.86,473593526,5493993,0
177,54,male,29.2,1,no,EMEA,10436.10,688448635,5454414,0
178,46,female,28.9,2,no,EMEA,8823.28,473111688,9572911,0
179,41,female,33.2,3,no,NA,8538.29,284993179,6466218,0
180,58,male,28.6,0,no,NA,11735.88,663962734,7633326,0
181,18,female,38.3,0,no,EMEA,1631.82,362951722,2923776,0
182,22,male,20.0,3,no,NA,4005.42,714735912,1851737,0
183,44,female,26.4,0,no,NA,7419.48,276654831,6348713,0
184,44,male,30.7,2,no,EMEA,7731.43,388183354,4833735,0
185,36,male,41.9,3,yes,NA,43753.34,499814347,7432755,0
186,26,female,29.9,2,no,EMEA,3981.98,921247968,8732575,0
187,30,female,30.9,3,no,EMEA,5325.65,127643357,3664139,0
188,41,female,32.2,1,no,EMEA,6775.96,947758149,3376817,0
189,29,female,32.1,2,no,NA,4922.92,964929499,5445795,0
190,61,male,31.6,0,no,EMEA,12557.61,458169544,9896668,1
191,36,female,26.2,0,no,EMEA,4883.87,646166649,8666473,0
192,25,male,25.7,0,no,EMEA,2137.65,968625263,8837294,0
193,56,female,26.6,1,no,NA,12044.34,373541752,6923858,0
194,18,male,34.4,0,no,EMEA,1137.47,515922684,4199812,0
195,19,male,30.6,0,no,NA,1639.56,177362911,9178522,1
196,39,female,32.8,0,no,EMEA,5649.72,996787519,1439918,0
197,45,female,28.6,2,no,EMEA,8516.83,593136984,4477875,0
198,51,female,18.1,0,no,NA,9644.25,923496779,3913734,0
199,64,female,39.3,0,no,NA,14901.52,213669427,7967431,0
200,19,female,32.1,0,no,NA,2130.68,389479956,3923723,0
201,48,female,32.2,1,no,EMEA,8871.15,358427534,4312975,0
202,60,female,24.0,0,no,NA,13012.21,997553854,9192614,0
203,27,female,36.1,0,yes,EMEA,37133.90,422481363,2135833,0
204,46,male,22.3,0,no,EMEA,7147.11,155124545,4962398,0
205,28,female,28.9,1,no,NA,4337.74,432272391,4655496,0
206,59,male,26.4,0,no,EMEA,11743.30,282845693,5438991,0
207,35,male,27.7,2,yes,NA,20984.09,124232391,9635158,0
208,63,female,31.8,0,no,EMEA,13880.95,125473151,8989781,0
209,40,male,41.2,1,no,NA,6610.11,288548295,6487985,0
210,20,male,33.0,1,no,EMEA,1980.07,522571538,8158491,0
211,40,male,30.9,4,no,NA,8162.72,338679118,6226268,0
212,24,male,28.5,2,no,NA,3537.70,662296472,3875325,0
213,34,female,26.7,1,no,EMEA,5002.78,888713999,2175851,0
214,45,female,30.9,2,no,EMEA,8520.03,343615654,4325237,0
215,41,female,37.1,2,no,EMEA,7371.77,581895354,4597396,0
216,53,female,26.6,0,no,NA,10355.64,821279698,8113196,0
217,27,male,23.1,0,no,EMEA,2483.74,367715715,8794464,0
218,26,female,29.9,1,no,EMEA,3392.98,394431394,5537969,1
219,24,female,23.2,0,no,EMEA,25081.77,392425415,2563316,0
220,34,female,33.7,1,no,EMEA,5012.47,945938134,7366722,0
221,53,female,33.3,0,no,NA,10564.88,146539374,3297549,0
222,32,male,30.8,3,no,EMEA,5253.52,384868843,8473228,0
223,19,male,34.8,0,yes,EMEA,34779.62,973452681,6162679,0
224,42,male,24.6,0,yes,EMEA,19515.54,452619979,7528631,0
225,55,male,33.9,3,no,EMEA,11987.17,246149395,1358271,0
226,28,male,38.1,0,no,EMEA,2689.50,467583471,3498439,0
227,58,female,41.9,0,no,EMEA,24227.34,417274111,4122234,0
228,41,female,31.6,1,no,NA,7358.18,636396668,9794212,0
229,47,male,25.5,2,no,NA,9225.26,843562154,1355886,0
230,42,female,36.2,1,no,NA,7443.64,436766819,5481352,0
231,59,female,27.8,3,no,EMEA,14001.29,886544983,4242739,0
232,19,female,17.8,0,no,EMEA,1727.79,254633129,9699348,0
233,59,male,27.5,1,no,EMEA,12333.83,874649386,6488441,0
234,39,male,24.5,2,no,NA,6710.19,351312932,7285884,0
235,40,female,22.2,2,yes,EMEA,19444.27,568242714,4997398,0
236,18,female,26.7,0,no,EMEA,1615.77,429112674,3136193,0
237,31,male,38.4,2,no,EMEA,4463.21,587165498,9571643,1
238,19,male,29.1,0,yes,NA,17352.68,914793226,7387262,0
239,44,male,38.1,1,no,EMEA,7152.67,292142836,6489448,0
240,23,female,36.7,2,yes,NA,38511.63,141289888,1497897,0
241,33,female,22.1,1,no,NA,5354.07,417359213,1118436,0
242,55,female,26.8,1,no,EMEA,35160.13,675688879,8447852,0
243,40,male,35.3,3,no,EMEA,7196.87,919289267,9955986,0
244,63,female,27.7,0,yes,NA,29523.17,879147497,3741872,0
245,54,male,30.0,0,no,NA,24476.48,137749486,5976178,0
246,60,female,38.1,0,no,EMEA,12648.70,842368228,7917775,0
247,24,male,35.9,0,no,EMEA,1986.93,789721286,6691837,0
248,19,male,20.9,1,no,EMEA,1832.09,941264926,1166598,0
249,29,male,29.0,1,no,NA,4040.56,852967742,6775659,0
250,18,male,17.3,2,yes,NA,12829.46,192825854,3765711,0
251,63,female,32.2,2,yes,EMEA,47305.31,349213572,3468716,0
252,54,male,34.2,2,yes,EMEA,44260.75,937755219,5762494,0
253,27,male,30.3,3,no,EMEA,4260.74,987162569,5379281,0
254,50,male,31.8,0,yes,NA,41097.16,221627261,9696328,0
255,55,female,25.4,3,no,NA,13047.33,492829541,2494295,0
256,56,male,33.6,0,yes,NA,43921.18,915271435,2847766,0
257,38,female,40.2,0,no,EMEA,5400.98,285541795,7757872,0
258,51,male,24.4,4,no,NA,11520.10,692892635,7724467,0
259,19,male,31.9,0,yes,NA,33750.29,156672868,4383537,0
260,58,female,25.2,0,no,EMEA,11837.16,616512731,3232723,0
261,20,female,26.8,1,yes,EMEA,17085.27,134273562,3761951,0
262,52,male,24.3,3,yes,NA,24869.84,151793292,7279377,0
263,19,male,37.0,0,yes,NA,36219.41,173831443,9634161,0
264,53,female,38.1,3,no,EMEA,20463.00,461176575,4192157,1
265,46,male,42.4,3,yes,EMEA,46151.12,868276781,1163651,0
266,40,male,19.8,1,yes,EMEA,17179.52,581238579,7944228,0
267,59,female,32.4,3,no,NA,14590.63,784568263,9563482,0
268,45,male,30.2,1,no,EMEA,7441.05,551514498,4569469,0
269,49,male,25.8,1,no,NA,9282.48,867377964,2813826,0
270,18,male,29.4,1,no,EMEA,1719.44,119583112,4671145,0
271,50,male,34.2,2,yes,EMEA,42856.84,477941482,1594946,0
272,41,male,37.1,2,no,NA,7265.70,662389525,8272679,0
273,50,male,27.5,1,no,NA,9617.66,223597665,9849617,1
274,25,male,27.6,0,no,NA,2523.17,753882752,3135938,0
275,47,female,26.6,2,no,NA,9715.84,864643352,4885435,0
276,19,male,20.6,2,no,NA,2803.70,118569132,2176864,0
277,22,female,24.3,0,no,EMEA,2150.47,292846712,3482542,0
278,59,male,31.8,2,no,EMEA,12928.79,867727397,6163495,0
279,51,female,21.6,1,no,EMEA,9855.13,765529564,5642678,0
280,40,female,28.1,1,yes,NA,22331.57,929746736,8287253,0
281,54,male,40.6,3,yes,NA,48549.18,989176844,1731126,1
282,30,male,27.6,1,no,NA,4237.13,286218673,3115786,0
283,55,female,32.4,1,no,NA,11879.10,858725778,8649895,0
284,52,female,31.2,0,no,EMEA,9625.92,232289433,7383749,0
285,46,male,26.6,1,no,EMEA,7742.11,894281655,6394181,0
286,46,female,48.1,2,no,NA,9432.93,622786477,7325372,0
287,63,female,26.2,0,no,NA,14256.19,223968228,1128227,0
288,59,female,36.8,1,yes,NA,47896.79,597654224,5511325,0
289,52,male,26.4,3,no,EMEA,25992.82,448824983,6291745,0
290,28,female,33.4,0,no,EMEA,3172.02,134655728,3591229,0
291,29,male,29.6,1,no,NA,20277.81,172919737,9315535,0
292,25,male,45.5,2,yes,EMEA,42112.24,955772698,3844248,0
293,22,female,28.8,0,no,EMEA,2156.75,672727818,4583276,0
294,25,male,26.8,3,no,EMEA,3906.13,118175317,7419856,0
295,18,male,23.0,0,no,NA,1704.57,916851743,6741899,0
296,19,male,27.7,0,yes,EMEA,16297.85,131612424,8654979,0
297,47,male,25.4,1,yes,EMEA,21978.68,282967242,7542713,0
298,31,male,34.4,3,yes,NA,38746.36,751436388,8831653,0
299,48,female,28.9,1,no,NA,9249.50,594628584,5154331,0
300,36,male,27.6,3,no,NA,6746.74,191664521,5371964,0
301,53,female,22.6,3,yes,NA,24873.38,424511974,5713791,0
302,56,female,37.5,2,no,EMEA,12265.51,122516815,7486281,0
303,28,female,33.0,2,no,EMEA,4349.46,763689932,9525985,0
304,57,female,38.0,2,no,EMEA,12646.21,697266331,2124913,0
305,29,male,33.3,2,no,NA,19442.35,183579931,3263668,0
306,28,female,27.5,2,no,EMEA,20177.67,514677442,4753765,1
307,30,female,33.3,1,no,EMEA,4151.03,531845459,1397287,0
308,58,male,34.9,0,no,NA,11944.59,999593137,2146696,0
309,41,female,33.1,2,no,NA,7749.16,151452325,7558936,0
310,50,male,26.6,0,no,EMEA,8444.47,565496744,5663818,0
311,19,female,24.7,0,no,EMEA,1737.38,567558459,8445551,0
312,43,male,36.0,3,yes,EMEA,42124.52,996876579,5435247,0
313,49,male,35.9,0,no,EMEA,8124.41,638957391,7126433,0
314,27,female,31.4,0,yes,EMEA,34838.87,556344132,4297184,0
315,52,male,33.3,0,no,NA,9722.77,713677227,3242588,0
316,50,male,32.2,0,no,NA,8835.26,866826969,9156636,0
317,54,male,32.8,0,no,NA,10435.07,512662651,2638837,0
318,44,female,27.6,0,no,NA,7421.19,472361247,2976527,0
319,32,male,37.3,1,no,NA,4667.61,338383962,8333579,0
320,34,male,25.3,1,no,NA,4894.75,646474864,5875824,0
321,26,female,29.6,4,no,NA,24671.66,173913615,6218512,0
322,34,male,30.8,0,yes,EMEA,35491.64,239377383,7397526,0
323,57,male,40.9,0,no,NA,11566.30,854141297,3128416,0
324,29,male,27.2,0,no,EMEA,2866.09,662995137,8534536,0
325,40,male,34.1,1,no,NA,6600.21,966565153,5221191,0
326,27,female,23.2,1,no,EMEA,3561.89,455352565,2317345,0
327,45,male,36.5,2,yes,NA,42760.50,298376692,5691615,0
328,64,female,33.8,1,yes,EMEA,47928.03,551879851,2731641,0
329,52,male,36.7,0,no,EMEA,9144.57,153981476,6671414,0
330,61,female,36.4,1,yes,NA,48517.56,794191891,1612184,0
331,52,male,27.4,0,yes,NA,24393.62,681415975,6722589,0
332,61,female,31.2,0,no,NA,13429.04,165823944,7343117,0
333,56,female,28.8,0,no,NA,11658.38,593598628,5291155,0
334,43,female,35.7,2,no,NA,19144.58,787777123,7172723,0
335,64,male,34.5,0,no,EMEA,13822.80,655179876,4168729,0
336,60,male,25.7,0,no,EMEA,12142.58,126772914,5633787,0
337,62,male,27.6,1,no,NA,13937.67,161878113,1953276,0
338,50,male,32.3,1,yes,NA,41919.10,114696981,8791782,0
339,46,female,27.7,1,no,EMEA,8232.64,988313277,1234151,0
340,24,female,27.6,0,no,EMEA,18955.22,561254876,5919283,0
341,62,male,30.0,0,no,NA,13352.10,269554578,7517692,0
342,60,female,27.6,0,no,NA,13217.09,799871555,3934941,0
343,63,male,36.8,0,no,NA,13981.85,451681243,2694666,0
344,49,female,41.5,4,no,EMEA,10977.21,678214623,1998722,0
345,34,female,29.3,3,no,EMEA,6184.30,396375914,8759529,0
346,33,male,35.8,2,no,EMEA,4890.00,214336517,7685355,0
347,46,male,33.3,1,no,NA,8334.46,142936395,1611246,0
348,36,female,29.9,1,no,EMEA,5478.04,946898912,5177999,1
349,19,male,27.8,0,no,NA,1635.73,798678549,7464166,0
350,57,female,23.2,0,no,NA,11830.61,423859454,6897517,0
351,50,female,25.6,0,no,EMEA,8932.08,479334872,9538311,0
352,30,female,27.7,0,no,EMEA,3554.20,227336361,4478313,0
353,33,male,35.2,0,no,NA,12404.88,997393329,5426836,0
354,18,female,38.3,0,no,EMEA,14133.04,624687637,9688259,0
355,46,male,27.6,0,no,EMEA,24603.05,793176467,2791323,0
356,46,male,43.9,3,no,EMEA,8944.12,699632468,3874883,0
357,47,male,29.8,3,no,NA,9620.33,947589419,3424658,0
358,23,male,41.9,0,no,EMEA,1837.28,366629829,9739664,0
359,18,female,20.8,0,no,EMEA,1607.51,911826346,1123918,0
360,48,female,32.3,2,no,NA,10043.25,392433962,2179119,0
361,35,male,30.5,1,no,EMEA,4751.07,959119228,9249963,0
362,19,female,21.7,0,yes,EMEA,13844.51,113469718,3437835,0
363,21,female,26.4,1,no,EMEA,2597.78,997348919,5871842,0
364,21,female,21.9,2,no,EMEA,3180.51,669739428,8562971,0
365,49,female,30.8,1,no,NA,9778.35,972691458,1266433,0
366,56,female,32.3,3,no,NA,13430.27,623173655,5624219,0
367,42,female,25.0,2,no,NA,8017.06,989754982,5477535,1
368,44,male,32.0,2,no,NA,8116.27,713177569,3673885,1
369,18,male,30.4,3,no,NA,3481.87,466571231,5761146,0
370,61,female,21.1,0,no,NA,13415.04,233779939,7846245,0
371,57,female,22.2,0,no,NA,12029.29,618846937,8832573,1
372,42,female,33.2,1,no,NA,7639.42,394322396,3631511,0
373,26,male,32.9,2,yes,EMEA,36085.22,657524622,7649758,1
374,20,male,33.3,0,no,EMEA,1391.53,566853425,2623723,0
375,23,female,28.3,0,yes,NA,18033.97,786474398,3547631,0
376,39,female,24.9,3,yes,NA,21659.93,148436791,5569524,0
377,24,male,40.2,0,yes,EMEA,38126.25,221887385,7797946,0
378,64,female,30.1,3,no,NA,16455.71,928883952,7544117,0
379,62,male,31.5,1,no,EMEA,27000.98,688524228,4933851,0
380,27,female,18.0,2,yes,NA,15006.58,767411483,5628685,0
381,55,male,30.7,0,yes,NA,42303.69,159761892,1586446,0
382,55,male,33.0,0,no,EMEA,20781.49,226725792,2984536,0
383,35,female,43.3,2,no,EMEA,5846.92,392967172,1217446,0
384,44,male,22.1,2,no,NA,8302.54,229172851,4429194,0
385,19,male,34.4,0,no,EMEA,1261.86,468319868,5578726,0
386,58,female,39.1,0,no,EMEA,11856.41,541481147,3955777,0
387,50,male,25.4,2,no,NA,30284.64,121167874,9314565,0
388,26,female,22.6,0,no,NA,3176.82,184719847,1444118,0
389,24,female,30.2,3,no,NA,4618.08,984918624,9885283,0
390,48,male,35.6,4,no,NA,10736.87,499345299,4262242,0
391,19,female,37.4,0,no,NA,2138.07,736614496,5353636,0
392,48,male,31.4,1,no,NA,8964.06,272657211,2672444,0
393,49,male,31.4,1,no,NA,9290.14,484547488,7451593,0
394,46,female,32.3,2,no,NA,9411.01,322775173,6117779,0
395,46,male,19.9,0,no,NA,7526.71,781316488,3652352,1
396,43,female,34.4,3,no,EMEA,8522.00,149881592,1227113,0
397,21,male,31.0,0,no,EMEA,16586.50,132358725,9671682,0
398,64,male,25.6,2,no,EMEA,14988.43,276759739,9186671,0
399,18,female,38.2,0,no,EMEA,1631.67,693527752,5941381,0
400,51,female,20.6,0,no,EMEA,9264.80,634173134,9557798,0
401,47,male,47.5,1,no,EMEA,8083.92,995914554,5548842,0
402,64,female,33.0,0,no,NA,14692.67,974633221,7374579,0
403,49,male,32.3,3,no,NA,10269.46,666675512,4585939,0
404,31,male,20.4,0,no,EMEA,3260.20,192442624,7576274,0
405,52,female,38.4,2,no,NA,11396.90,633774348,4172547,0
406,33,female,24.3,0,no,EMEA,4185.10,189472488,4919623,0
407,47,female,23.6,1,no,EMEA,8539.67,221452419,3298399,0
408,38,male,21.1,3,no,EMEA,6652.53,191641821,6437259,0
409,32,male,30.0,1,no,EMEA,4074.45,228872975,9999136,0
410,19,male,17.5,0,no,NA,1621.34,841459145,3665229,0
411,44,female,20.2,1,yes,NA,19594.81,742698432,4188189,1
412,26,female,17.2,2,yes,NA,14455.64,388221419,7837679,0
413,25,male,23.9,5,no,EMEA,5080.10,967626299,1998412,0
414,19,female,35.2,0,no,NA,2134.90,868119527,7226236,0
415,43,female,35.6,1,no,EMEA,7345.73,597191283,1326798,0
416,52,male,34.1,0,no,EMEA,9140.95,511922188,2214481,0
417,36,female,22.6,2,yes,EMEA,18608.26,975368887,8614616,0
418,64,male,39.2,1,no,EMEA,14418.28,719799832,9542465,0
419,63,female,27.0,0,yes,NA,28950.47,751164831,2992721,0
420,64,male,33.9,0,yes,EMEA,46889.26,641492632,5735234,0
421,61,male,35.9,0,yes,EMEA,46599.11,552164453,5451281,0
422,40,male,32.8,1,yes,NA,39125.33,649328919,5361955,1
423,25,male,30.6,0,no,NA,2727.40,774514438,6864193,0
424,48,male,30.2,2,no,EMEA,8968.33,581476734,8351613,1
425,45,male,24.3,5,no,EMEA,9788.87,324285428,8627939,0
426,38,female,27.3,1,no,NA,6555.07,692963697,4131499,0
427,18,female,29.2,0,no,NA,7323.73,134686155,8142542,0
428,21,female,16.8,1,no,NA,3167.46,748112412,2711414,0
429,27,female,30.4,3,no,NA,18804.75,672841685,8334171,0
430,19,male,33.1,0,no,EMEA,23082.96,845153513,1948215,0
431,29,female,20.2,2,no,NA,4906.41,445477639,4153685,0
432,42,male,26.9,0,no,EMEA,5969.72,854423944,1283427,0
433,60,female,30.5,0,no,EMEA,12638.20,378348458,1173512,0
434,31,male,28.6,1,no,NA,4243.59,519271714,6264925,0
435,60,male,33.1,3,no,EMEA,13919.82,699112474,4696291,0
436,22,male,31.7,0,no,NA,2254.80,728419484,5644667,0
437,35,male,28.9,3,no,EMEA,5926.85,962634478,1632449,0
438,52,female,46.8,5,no,EMEA,12592.53,779484971,8238424,0
439,26,male,29.5,0,no,NA,2897.32,635486334,6213843,0
440,31,female,32.7,1,no,NA,4738.27,952299528,5673791,0
441,33,female,33.5,0,yes,EMEA,37079.37,373281578,7698247,1
442,18,male,43.0,0,no,EMEA,1149.40,113859275,5477688,0
443,59,female,36.5,1,no,EMEA,28287.90,489815959,2886798,0
444,56,male,26.7,1,yes,NA,26109.33,435929614,5729656,0
445,45,female,33.1,0,no,EMEA,7345.08,834232594,4914492,0
446,60,male,29.6,0,no,NA,12731.00,914731611,2157189,0
447,56,female,25.7,0,no,NA,11454.02,274856998,8223526,0
448,40,female,29.6,0,no,EMEA,5910.94,861252212,9676168,0
449,35,male,38.6,1,no,EMEA,4762.33,619993166,5953938,0
450,39,male,29.6,4,no,EMEA,7512.27,599287234,9541221,0
451,30,male,24.1,1,no,NA,4032.24,393647328,2536647,0
452,24,male,23.4,0,no,EMEA,1969.61,844163985,3226198,0
453,20,male,29.7,0,no,NA,1769.53,548889346,5169529,0
454,32,male,46.5,2,no,EMEA,4686.39,444115149,4168779,0
455,59,male,37.4,0,no,EMEA,21797.00,451981341,4227952,0
456,55,female,30.1,2,no,EMEA,11881.97,866319528,5245797,0
457,57,female,30.5,0,no,NA,11840.78,786236487,2792168,0
458,56,male,39.6,0,no,EMEA,10601.41,653268823,6248755,0
459,40,female,33.0,3,no,EMEA,7682.67,748133416,5583853,1
460,49,female,36.6,3,no,EMEA,10381.48,328543837,2252638,0
461,42,male,30.0,0,yes,EMEA,22144.03,151575191,4648444,0
462,62,female,38.1,2,no,NA,15230.32,466924931,3643193,1
463,56,male,25.9,0,no,NA,11165.42,485188441,3249543,0
464,19,male,25.2,0,no,NA,1632.04,179524454,6877944,0
465,30,female,28.4,1,yes,EMEA,19521.97,215969644,5334975,0
466,60,female,28.7,1,no,EMEA,13224.69,472753941,7789672,0
467,56,female,33.8,2,no,NA,12643.38,861515374,2675537,0
468,28,female,24.3,1,no,NA,23288.93,238121496,4766578,0
469,18,female,24.1,1,no,EMEA,2201.10,182461442,2248497,0
470,27,male,32.7,0,no,EMEA,2497.04,951936111,2487254,0
471,18,female,30.1,0,no,NA,2203.47,573874417,9363385,0
472,19,female,29.8,0,no,EMEA,1744.47,399284132,5676611,0
473,47,female,33.3,0,no,NA,20878.78,956638454,7574615,0
474,54,male,25.1,3,yes,EMEA,25382.30,393632826,8926299,0
475,61,male,28.3,1,yes,NA,28868.66,231365988,8537557,0
476,24,male,28.5,0,yes,NA,35147.53,497475731,4442871,0
477,25,male,35.6,0,no,NA,2534.39,227876799,7332496,0
478,21,male,36.9,0,no,EMEA,1534.30,547531642,8225856,1
479,23,male,32.6,0,no,EMEA,1824.29,467619589,6448422,0
480,63,male,41.3,3,no,NA,15555.19,622151664,9188633,0
481,49,male,37.5,2,no,EMEA,9304.70,879312945,8584884,0
482,18,female,31.4,0,no,EMEA,1622.19,675677321,4324274,0
483,51,female,39.5,1,no,EMEA,9880.07,862969624,5932644,0
484,48,male,34.3,3,no,EMEA,9563.03,498332511,1331456,0
485,31,female,31.1,0,no,NA,4347.02,699785821,1527362,0
486,54,female,21.5,3,no,NA,12475.35,684355748,2921292,0
487,19,male,28.7,0,no,EMEA,1253.94,159892948,4259811,0
488,44,female,38.1,0,yes,EMEA,48885.14,614788277,3332519,0
489,53,male,31.2,1,no,NA,10461.98,881338287,4378249,0
490,19,female,32.9,0,no,EMEA,1748.77,541853844,3527329,0
491,61,female,25.1,0,no,EMEA,24513.09,939584779,4547163,0
492,18,female,25.1,0,no,NA,2196.47,862242162,1292844,0
493,61,male,43.4,0,no,EMEA,12574.05,586977962,6993547,0
494,21,male,25.7,4,yes,EMEA,17942.11,356144682,6415564,0
495,20,male,27.9,0,no,NA,1967.02,475137844,7397259,0
496,31,female,23.6,2,no,EMEA,4931.65,384927458,9834519,0
497,45,male,28.7,2,no,EMEA,8027.97,268616975,4114892,0
498,44,female,24.0,2,no,EMEA,8211.10,576266219,4452666,0
499,62,female,39.2,0,no,EMEA,13470.86,459421624,3674481,0
500,29,male,34.4,0,yes,EMEA,36197.70,611134825,1893584,0
501,43,male,26.0,0,no,NA,6837.37,661162413,1594522,0
502,51,male,23.2,1,yes,EMEA,22218.11,263176876,4829341,0
503,19,male,30.3,0,yes,EMEA,32548.34,591127954,8285142,0
504,38,female,28.9,1,no,EMEA,5974.38,341362486,9542989,0
505,37,male,30.9,3,no,NA,6796.86,766533151,1351491,0
506,22,male,31.4,1,no,NA,2643.27,596911184,4396874,0
507,21,male,23.8,2,no,NA,3077.10,785157841,6148399,0
508,24,female,25.3,0,no,NA,3044.21,181924724,5637216,0
509,57,female,28.7,0,no,EMEA,11455.28,372161115,4321249,0
510,56,male,32.1,1,no,NA,11763.00,294866144,2276999,0
511,27,male,33.7,0,no,EMEA,2498.41,478771423,2561742,0
512,51,male,22.4,0,no,NA,9361.33,486234771,9525418,0
513,19,male,30.4,0,no,EMEA,1256.30,339812129,1683743,1
514,39,male,28.3,1,yes,EMEA,21082.16,854317765,4583381,0
515,58,male,35.7,0,no,EMEA,11362.76,931918542,8532869,0
516,20,male,35.3,1,no,EMEA,27724.29,582622977,6951649,0
517,45,male,30.5,2,no,NA,8413.46,947957644,3756375,0
518,35,female,31.0,1,no,EMEA,5240.77,293435934,8296438,0
519,31,male,30.9,0,no,NA,3857.76,631637593,2413632,0
520,50,female,27.4,0,no,NA,25656.58,957294113,8217593,0
521,32,female,44.2,0,no,EMEA,3994.18,684377612,7998551,0
522,51,female,33.9,0,no,NA,9866.30,576872573,4278836,0
523,38,female,37.7,0,no,EMEA,5397.62,753698895,7246534,0
524,42,male,26.1,1,yes,EMEA,38245.59,744525476,1672823,0
525,18,female,33.9,0,no,EMEA,11482.63,469334127,5735847,0
526,19,female,30.6,2,no,NA,24059.68,843651515,4461129,0
527,51,female,25.8,1,no,EMEA,9861.03,285626547,7848893,0
528,46,male,39.4,1,no,NA,8342.91,614343311,4225385,0
529,18,male,25.5,0,no,NA,1708.00,921336984,3672764,1
530,57,male,42.1,1,yes,EMEA,48675.52,383976213,3339617,0
531,62,female,31.7,0,no,NA,14043.48,237445994,1921749,0
532,59,male,29.7,2,no,EMEA,12925.89,644495526,5436296,0
533,37,male,36.2,0,no,EMEA,19214.71,285499528,1463771,0
534,64,male,40.5,0,no,EMEA,13831.12,833241979,3122525,0
535,38,male,28.0,1,no,NA,6067.13,498765418,8176838,0
536,33,female,38.9,3,no,EMEA,5972.38,791576937,9538155,0
537,46,female,30.2,2,no,EMEA,8825.09,694465332,3768155,0
538,46,female,28.1,1,no,EMEA,8233.10,336316147,4388845,0
539,53,male,31.4,0,no,EMEA,27346.04,731325354,2232177,0
540,34,female,38.0,3,no,EMEA,6196.45,293221873,2549487,0
541,20,female,31.8,2,no,EMEA,3056.39,354114434,9439758,0
542,63,female,36.3,0,no,EMEA,13887.20,499783441,8185374,0
543,54,female,47.4,0,yes,EMEA,63770.43,463832258,9561231,0
544,54,male,30.2,0,no,NA,10231.50,992567779,6855684,0
545,49,male,25.8,2,yes,NA,23807.24,977631647,4635822,0
546,28,male,35.4,0,no,NA,3268.85,993431557,1475464,0
547,54,female,46.7,2,no,EMEA,11538.42,791199816,5521761,0
548,25,female,28.6,0,no,NA,3213.62,852554822,6424433,0
549,43,female,46.2,0,yes,EMEA,45863.21,245329633,8135859,0
550,63,male,30.8,0,no,EMEA,13390.56,183153468,8459964,0
551,32,female,28.9,0,no,EMEA,3972.92,864689232,2623867,0
552,62,male,21.4,0,no,EMEA,12957.12,127678215,5691129,0
553,52,female,31.7,2,no,NA,11187.66,149797221,7956752,0
554,25,female,41.3,0,no,NA,17878.90,185532454,7528591,0
555,28,male,23.8,2,no,EMEA,3847.67,916327447,6383689,0
556,46,male,33.4,1,no,NA,8334.59,915569917,3512272,0
557,34,male,34.2,0,no,EMEA,3935.18,667856389,7389577,1
558,35,female,34.1,3,yes,NA,39983.43,229957155,2926257,0
559,19,male,35.5,0,no,NA,1646.43,839892719,4121255,0
560,46,female,20.0,2,no,NA,9193.84,347673921,7985554,0
561,54,female,32.7,0,no,NA,10923.93,434161372,8538879,0
562,27,male,30.5,0,no,EMEA,2494.02,955733936,1722965,0
563,50,male,44.8,1,no,EMEA,9058.73,595357798,3688838,0
564,18,female,32.1,2,no,EMEA,2801.26,371885321,3567997,0
565,19,female,30.5,0,no,NA,2128.43,442129513,1749493,0
566,38,female,40.6,1,no,NA,6373.56,426598799,3832432,0
567,41,male,30.6,2,no,NA,7256.72,928115998,6845717,0
568,49,female,31.9,5,no,EMEA,11552.90,541849368,1886994,0
569,48,male,40.6,2,yes,NA,45702.02,991948651,7447832,0
570,31,female,29.1,0,no,EMEA,3761.29,559897324,1168792,1
571,18,female,37.3,1,no,EMEA,2219.45,572675819,3148918,0
572,30,female,43.1,2,no,EMEA,4753.64,224382149,9387474,0
573,62,female,36.9,1,no,NA,31620.00,942751311,7611687,0
574,57,female,34.3,2,no,NA,13224.06,546789836,9189415,0
575,58,female,27.2,0,no,NA,12222.90,413435473,8159856,0
576,22,male,26.8,0,no,EMEA,1665.00,227279576,2836537,0
577,31,female,38.1,1,yes,NA,58571.07,624147734,6644917,0
578,52,male,30.2,1,no,EMEA,9724.53,986125499,6892543,1
579,25,female,23.5,0,no,NA,3206.49,457565689,3799183,0
580,59,male,25.5,1,no,NA,12913.99,214522852,5843563,0
581,19,male,30.6,0,no,NA,1639.56,322867331,7349495,0
582,39,male,45.4,2,no,EMEA,6356.27,613884596,6427393,0
583,32,female,23.7,1,no,EMEA,17626.24,577531427,8595839,1
584,19,male,20.7,0,no,EMEA,1242.82,453525964,1867455,0
585,33,female,28.3,1,no,EMEA,4779.60,533742275,9389217,0
586,21,male,20.2,3,no,NA,3861.21,492313969,1924794,0
587,34,female,30.2,1,yes,NA,43943.88,411442898,8647184,0
588,61,female,35.9,0,no,NA,13635.64,847821452,2638231,0
589,38,female,30.7,1,no,EMEA,5976.83,366196266,6887227,0
590,58,female,29.0,0,no,EMEA,11842.44,376397497,9885845,0
591,47,male,19.6,1,no,NA,8428.07,612219444,2728372,0
592,20,male,31.1,2,no,EMEA,2566.47,554889711,1444354,0
593,21,female,21.9,1,yes,NA,15359.10,491725171,5144515,0
594,41,male,40.3,0,no,EMEA,5709.16,639224395,8338251,0
595,46,female,33.7,1,no,NA,8823.99,937779789,1631567,0
596,42,female,29.5,2,no,EMEA,7640.31,348429871,9614125,0
597,34,female,33.3,1,no,NA,5594.85,443653124,7168291,0
598,43,male,32.6,2,no,EMEA,7441.50,821264133,1173794,0
599,52,female,37.5,2,no,NA,33471.97,493986451,3437722,0
600,18,female,39.2,0,no,EMEA,1633.04,957774417,4542147,0
601,51,male,31.6,0,no,NA,9174.14,465356756,8748783,0
602,56,female,25.3,0,no,EMEA,11070.54,467559788,8771897,0
603,64,female,39.1,3,no,EMEA,16085.13,312732133,7678947,0
604,19,female,28.3,0,yes,NA,17468.98,245244492,9913382,1
605,51,female,34.1,0,no,EMEA,9283.56,314596314,1975145,0
606,27,female,25.2,0,no,NA,3558.62,923253443,3163985,0
607,59,female,23.7,0,yes,NA,25678.78,476726458,2891327,0
608,28,male,27.0,2,no,NA,4435.09,362474546,8153965,0
609,30,male,37.8,2,yes,EMEA,39241.44,463568297,9692537,0
610,47,female,29.4,1,no,EMEA,8547.69,196964672,2344757,0
611,38,female,34.8,2,no,EMEA,6571.54,199292195,3171171,0
612,18,female,33.2,0,no,NA,2207.70,245736642,4425845,0
613,34,female,19.0,3,no,NA,6753.04,894693558,3997754,1
614,20,female,33.0,0,no,EMEA,1880.07,463531523,8216926,0
615,47,female,36.6,1,yes,EMEA,42969.85,863113769,7714785,0
616,56,female,28.6,0,no,NA,11658.12,382376891,3457192,0
617,49,male,25.6,2,yes,EMEA,23306.55,416261229,4873182,0
618,19,female,33.1,0,yes,EMEA,34439.86,736441954,8719156,0
619,55,female,37.1,0,no,EMEA,10713.64,851814228,8397135,1
620,30,male,31.4,1,no,EMEA,3659.35,629292196,5135595,0
621,37,male,34.1,4,yes,EMEA,40182.25,264354668,6499282,0
622,49,female,21.3,1,no,EMEA,9182.17,143537135,6985521,0
623,18,male,33.5,0,yes,NA,34617.84,412945217,5776648,0
624,59,male,28.8,0,no,NA,12129.61,171856397,4115149,0
625,29,female,26.0,0,no,NA,3736.46,448979845,7496323,0
626,36,male,28.9,3,no,NA,6748.59,792464165,5452347,1
627,33,male,42.5,1,no,EMEA,11326.71,126269149,9817335,1
628,58,male,38.0,0,no,EMEA,11365.95,589194972,7648647,0
629,44,female,39.0,0,yes,NA,42983.46,765529678,3648737,0
630,53,male,36.1,1,no,EMEA,10085.85,482536966,9593591,0
631,24,male,29.3,0,no,EMEA,1977.82,882143672,5638162,0
632,29,female,35.5,0,no,EMEA,3366.67,379249381,4665851,0
633,40,male,22.7,2,no,NA,7173.36,618791254,8217273,0
634,51,male,39.7,1,no,EMEA,9391.35,389763669,5937589,0
635,64,male,38.2,0,no,NA,14410.93,912392514,6487877,0
636,19,female,24.5,1,no,NA,2709.11,438433588,6142858,0
637,35,female,38.1,2,no,NA,24915.05,465138555,1958658,0
638,39,male,26.4,0,yes,NA,20149.32,517177193,8113958,0
639,56,male,33.7,4,no,EMEA,12949.16,524463859,7559236,0
640,33,male,42.4,5,no,EMEA,6666.24,974826246,6837761,0
641,42,male,28.3,3,yes,NA,32787.46,384694457,7945887,0
642,61,male,33.9,0,no,NA,13143.86,135724113,7736773,0
643,23,female,35.0,3,no,NA,4466.62,256562688,9122894,0
644,43,male,35.3,2,no,EMEA,18806.15,224231216,4122132,0
645,48,male,30.8,3,no,NA,10141.14,188693957,1226221,0
646,39,male,26.2,1,no,NA,6123.57,938112725,4941163,0
647,40,female,23.4,3,no,NA,8252.28,462773828,2531451,0
648,18,male,28.5,0,no,NA,1712.23,216275922,5724799,0
649,58,female,33.0,0,no,NA,12430.95,867677554,2993226,0
650,49,female,42.7,2,no,EMEA,9800.89,766838484,4743678,0
651,53,female,39.6,1,no,EMEA,10579.71,149747552,2678211,0
652,48,female,31.1,0,no,EMEA,8280.62,289454179,9632929,0
653,45,female,36.3,2,no,EMEA,8527.53,648462823,6278656,0
654,59,female,35.2,0,no,EMEA,12244.53,459921991,5162958,1
655,52,female,25.3,2,yes,EMEA,24667.42,833572438,6389131,0
656,26,female,42.4,1,no,EMEA,3410.32,829423438,4368589,0
657,27,male,33.2,2,no,NA,4058.71,176652488,4176832,0
658,48,female,35.9,1,no,NA,26392.26,278496367,5946266,0
659,57,female,28.8,4,no,NA,14394.40,794138965,9765765,0
660,37,male,46.5,3,no,EMEA,6435.62,642978117,6327412,0
661,57,female,24.0,1,no,EMEA,22192.44,279954636,5214693,0
662,32,female,31.5,1,no,NA,5148.55,971665669,8239255,0
663,18,male,33.7,0,no,EMEA,1136.40,722576151,1596825,0
664,64,female,23.0,0,yes,EMEA,27037.91,288241716,3323897,0
665,43,male,38.1,2,yes,EMEA,42560.43,752999151,3336958,0
666,49,male,28.7,1,no,EMEA,8703.46,125139273,1385799,0
667,40,female,32.8,2,yes,NA,40003.33,451938833,7799416,0
668,62,male,32.0,0,yes,NA,45710.21,311976729,9117553,0
669,40,female,29.8,1,no,EMEA,6500.24,761912284,9186377,0
670,30,male,31.6,3,no,EMEA,4837.58,845763677,8943818,0
671,29,female,31.2,0,no,NA,3943.60,568666856,5372372,0
672,36,male,29.7,0,no,EMEA,4399.73,556846874,8566885,0
673,41,female,31.0,0,no,EMEA,6185.32,894146429,3646579,0
674,44,female,43.9,2,yes,EMEA,46200.99,121588787,6548945,0
675,45,male,21.4,0,no,NA,7222.79,561266667,6156116,0
676,55,female,40.8,3,no,EMEA,12485.80,274649295,4192197,0
677,60,male,31.4,3,yes,NA,46130.53,784571499,1344159,0
678,56,male,36.1,3,no,EMEA,12363.55,554662297,5714582,0
679,49,female,23.2,2,no,NA,10156.78,869967321,9448397,0
680,21,female,17.4,1,no,EMEA,2585.27,212755925,3249927,0
681,19,male,20.3,0,no,EMEA,1242.26,916421476,6167377,0
682,39,male,35.3,2,yes,EMEA,40103.89,376974558,7946539,0
683,53,male,24.3,0,no,NA,9863.47,167993841,7477654,0
684,33,female,18.5,1,no,EMEA,4766.02,264318485,8574155,0
685,53,male,26.4,2,no,NA,11244.38,373168567,7539799,0
686,42,male,26.1,2,no,NA,7729.65,792486268,4378614,0
687,40,male,41.7,0,no,EMEA,5438.75,559662312,8916271,0
688,47,female,24.1,1,no,EMEA,26236.58,863291121,3725568,0
689,27,male,31.1,1,yes,EMEA,34806.47,322678755,6129179,0
690,21,male,27.4,0,no,NA,2104.11,138178612,5556881,0
691,47,male,36.2,1,no,EMEA,8068.19,493448551,2479819,0
692,20,male,32.4,1,no,NA,2362.23,891549774,7611521,0
693,24,male,23.7,0,no,NA,2352.97,375451364,5746672,0
694,27,female,34.8,1,no,EMEA,3578.00,783815228,7425418,0
695,26,female,40.2,0,no,NA,3201.25,652789741,7851382,0
696,53,female,32.3,2,no,NA,29186.48,988545328,7684517,0
697,41,male,35.8,1,yes,EMEA,40273.65,247538816,6378825,0
698,56,male,33.7,0,no,NA,10976.25,874856772,5312867,0
699,23,female,39.3,2,no,EMEA,3500.61,392152152,4786179,0
700,21,female,34.9,0,no,EMEA,2020.55,171348882,4865824,1
701,50,female,44.7,0,no,NA,9541.70,623145822,8653842,0
702,53,male,41.5,0,no,EMEA,9504.31,452476824,7267726,0
703,34,female,26.4,1,no,NA,5385.34,471287323,5875935,0
704,47,female,29.5,1,no,NA,8930.93,681131171,6491447,0
705,33,female,32.9,2,no,EMEA,5375.04,995186512,8438775,0
706,51,female,38.1,0,yes,EMEA,44400.41,982583263,1525159,0
707,49,male,28.7,3,no,NA,10264.44,127915199,4875745,0
708,31,female,30.5,3,no,NA,6113.23,371411291,8933837,0
709,36,female,27.7,0,no,NA,5469.01,111443384,5716797,0
710,18,male,35.2,1,no,EMEA,1727.54,437195123,5538511,0
711,50,female,23.5,2,no,EMEA,10107.22,215811928,6285845,0
712,43,female,30.7,2,no,NA,8310.84,538914349,7456945,0
713,20,male,40.5,0,no,NA,1984.45,771918293,2519731,0
714,24,female,22.6,0,no,EMEA,2457.50,718843738,5354932,0
715,60,male,28.9,0,no,EMEA,12146.97,948717769,4861764,0
716,49,female,22.6,1,no,NA,9566.99,825852443,9658659,0
717,60,male,24.3,1,no,NA,13112.60,251459247,7882648,1
718,51,female,36.7,2,no,NA,10848.13,918312928,7822229,0
719,58,female,33.4,0,no,NA,12231.61,314566465,7334374,0
720,51,female,40.7,0,no,NA,9875.68,416842744,7718338,0
721,53,male,36.6,3,no,EMEA,11264.54,618166996,4732543,0
722,62,male,37.4,0,no,EMEA,12979.36,112233192,8659746,0
723,19,male,35.4,0,no,EMEA,1263.25,881891348,5174463,0
724,50,female,27.1,1,no,NA,10106.13,497888995,2736671,1
725,30,female,39.1,3,yes,EMEA,40932.43,253548926,5286135,0
726,41,male,28.4,1,no,NA,6664.69,466662812,3915629,0
727,29,female,21.8,1,yes,NA,16657.72,368633636,6438225,0
728,18,female,40.3,0,no,NA,2217.60,576686873,6794899,0
729,41,female,36.1,1,no,EMEA,6781.35,737746566,8913827,0
730,35,male,24.4,3,yes,EMEA,19362.00,816232139,1159592,0
731,53,male,21.4,1,no,EMEA,10065.41,753617131,8632794,0
732,24,female,30.1,3,no,EMEA,4234.93,144316975,5935837,0
733,48,female,27.3,1,no,NA,9447.25,534134769,8491874,0
734,59,female,32.1,3,no,EMEA,14007.22,848421719,9491964,0
735,49,female,34.8,1,no,NA,9583.89,854173287,8996989,0
736,37,female,38.4,0,yes,EMEA,40419.02,745845693,9551444,0
737,26,male,23.7,2,no,EMEA,3484.33,252532858,5218953,0
738,23,male,31.7,3,yes,NA,36189.10,522374337,7453194,0
739,29,male,35.5,2,yes,EMEA,44585.46,433724855,8323219,0
740,45,male,24.0,2,no,NA,8604.48,119773569,8822639,0
741,27,male,29.2,0,yes,EMEA,18246.50,394993222,7476579,1
742,53,male,34.1,0,yes,NA,43254.42,978843789,5232491,0
743,31,female,26.6,0,no,EMEA,3757.84,387125486,2677854,0
744,50,male,26.4,0,no,NA,8827.21,564861461,9198485,0
745,50,female,30.1,1,no,NA,9910.36,639516183,4748884,0
746,34,male,27.0,2,no,EMEA,11737.85,723396613,2912212,0
747,19,male,21.8,0,no,NA,1627.28,764762744,2457853,0
748,47,female,36.0,1,no,EMEA,8556.91,451676585,1188124,0
749,28,male,30.9,0,no,NA,3062.51,536179771,9459958,0
750,37,female,26.4,0,yes,EMEA,19539.24,617155775,1216862,0
751,21,male,29.0,0,no,NA,1906.36,275163352,5871464,0
752,64,male,37.9,0,no,NA,14210.54,229479828,8924277,0
753,58,female,22.8,0,no,EMEA,11833.78,394223721,1827777,0
754,24,male,33.6,4,no,NA,17128.43,826654818,2478177,0
755,31,male,27.6,2,no,NA,5031.27,162253527,5337568,0
756,39,female,22.8,3,no,NA,7985.82,391593263,8976925,0
757,47,female,27.8,0,yes,EMEA,23065.42,971297768,2345549,0
758,30,male,37.4,3,no,NA,5428.73,726346426,2639465,0
759,18,male,38.2,0,yes,EMEA,36307.80,555986265,6394856,0
760,22,female,34.6,2,no,NA,3925.76,719445241,9619426,0
761,23,male,35.2,1,no,EMEA,2416.96,453235648,3538351,0
762,33,male,27.1,1,yes,EMEA,19040.88,698925427,7549181,0
763,27,male,26.0,0,no,NA,3070.81,315853524,7153351,0
764,45,female,25.2,2,no,NA,9095.07,254758218,6448153,0
765,57,female,31.8,0,no,NA,11842.62,186461755,8499365,0
766,47,male,32.3,1,no,EMEA,8062.76,276338137,5746599,0
767,42,female,29.0,1,no,EMEA,7050.64,927126724,1914763,0
768,64,female,39.7,0,no,EMEA,14319.03,132538148,2266472,0
769,38,female,19.5,2,no,NA,6933.24,649765575,2539238,0
770,61,male,36.1,3,no,EMEA,27941.29,386192583,2578289,0
771,53,female,26.7,2,no,EMEA,11150.78,447324833,9737419,0
772,44,female,36.5,0,no,NA,12797.21,874132623,4782843,0
773,19,female,28.9,0,yes,NA,17748.51,968636258,5631958,0
774,41,male,34.2,2,no,NA,7261.74,492974721,8257942,0
775,51,male,33.3,3,no,EMEA,10560.49,822532316,8892772,0
776,40,male,32.3,2,no,NA,6986.70,342669279,7128931,0
777,45,male,39.8,0,no,NA,7448.40,625995381,9762159,0
778,35,male,34.3,3,no,EMEA,5934.38,973737843,9419279,0
779,53,male,28.9,0,no,NA,9869.81,874311688,2914184,0
780,30,male,24.4,3,yes,EMEA,18259.22,537254691,5881484,0
781,18,male,41.1,0,no,EMEA,1146.80,497561315,7351952,0
782,51,male,36.0,1,no,EMEA,9386.16,465235548,1697154,0
783,50,female,27.6,1,yes,EMEA,24520.26,953287338,8327165,0
784,31,female,29.3,1,no,EMEA,4350.51,157726633,7797162,0
785,35,female,27.7,3,no,EMEA,6414.18,925927548,1379653,0
786,60,male,37.0,0,no,NA,12741.17,921548553,9954136,0
787,21,male,36.9,0,no,NA,1917.32,216246371,5935373,0
788,29,male,22.5,3,no,NA,5209.58,357749968,1884733,0
789,62,female,29.9,0,no,EMEA,13457.96,115788411,4889757,0
790,39,female,41.8,0,no,EMEA,5662.23,956679499,5978569,0
791,19,male,27.6,0,no,EMEA,1252.41,879383187,8183484,0
792,22,female,23.2,0,no,NA,2731.91,142584113,5512921,0
793,53,male,20.9,0,yes,EMEA,21195.82,555241352,2541352,0
794,39,female,31.9,2,no,NA,7209.49,345894615,6574783,0
795,27,male,28.5,0,yes,NA,18310.74,211234179,6179317,0
796,30,male,44.2,2,no,EMEA,4266.17,936793695,1361413,0
797,30,female,22.9,1,no,NA,4719.52,853917774,2799242,0
798,58,female,33.1,0,no,EMEA,11848.14,388983418,1857996,0
799,33,male,24.8,0,yes,NA,17904.53,799871421,9464355,0
800,42,female,26.2,1,no,EMEA,7046.72,973173122,3249759,0
801,64,female,36.0,0,no,EMEA,14313.85,563698859,2742677,0
802,21,male,22.3,1,no,EMEA,2103.08,788563374,1195563,0
803,18,female,42.2,0,yes,EMEA,38792.69,942491511,9469291,0
804,23,male,26.5,0,no,EMEA,1815.88,117776896,7973843,0
805,45,female,35.8,0,no,NA,7731.86,347517721,5396386,0
806,40,female,41.4,1,no,NA,28476.73,958615451,2932455,0
807,19,female,36.6,0,no,NA,2136.88,198865534,5553388,0
808,18,male,30.1,0,no,EMEA,1131.51,869558646,7679362,0
809,25,male,25.8,1,no,NA,3309.79,373939877,5854429,0
810,46,female,30.8,3,no,EMEA,9414.92,537451731,9184612,0
811,33,female,42.9,3,no,NA,6360.99,976955497,5692696,0
812,54,male,21.0,2,no,EMEA,11013.71,912131625,8177427,1
813,28,male,22.5,2,no,NA,4428.89,638219735,7474189,0
814,36,male,34.4,2,no,EMEA,5584.31,582514854,5138645,0
815,20,female,31.5,0,no,EMEA,1877.93,119124446,1678329,0
816,24,female,24.2,0,no,NA,2842.76,995387742,6163922,0
817,23,male,37.1,3,no,EMEA,3597.60,491576847,4936146,0
818,47,female,26.1,1,yes,NA,23401.31,159912762,1822346,0
819,33,female,35.5,0,yes,NA,55135.40,446497746,1482247,0
820,45,male,33.7,1,no,EMEA,7445.92,621893959,8669254,0
821,26,male,17.7,0,no,NA,2680.95,536624132,9564881,0
822,18,female,31.1,0,no,EMEA,1621.88,951556535,8971428,0
823,44,female,29.8,2,no,EMEA,8219.20,487716388,6792651,0
824,60,male,24.3,0,no,NA,12523.60,422517848,3518768,0
825,64,female,31.8,2,no,NA,16069.08,647444726,4377828,0
826,56,male,31.8,2,yes,EMEA,43813.87,724852949,8376857,0
827,36,male,28.0,1,yes,NA,20773.63,885452936,3221782,0
828,41,male,30.8,3,yes,NA,39597.41,268857912,6785461,0
829,39,male,21.9,1,no,NA,6117.49,998836132,7631348,0
830,63,male,33.1,0,no,EMEA,13393.76,429695164,4512342,0
831,36,female,25.8,0,no,NA,5266.37,473487753,9268839,0
832,28,female,23.8,2,no,NA,4719.74,665379433,7162565,0
833,58,male,34.4,0,no,NA,11743.93,659348939,1275191,0
834,36,male,33.8,1,no,NA,5377.46,775551376,5447541,0
835,42,male,36.0,2,no,EMEA,7160.33,549839131,2861459,0
836,36,male,31.5,0,no,EMEA,4402.23,951272327,9419157,0
837,56,female,28.3,0,no,NA,11657.72,373175214,5915249,0
838,35,female,23.5,2,no,NA,6402.29,325375133,7685248,0
839,59,female,31.4,0,no,NA,12622.18,155386256,1694189,0
840,21,male,31.1,0,no,EMEA,1526.31,626767924,6882614,0
841,59,male,24.7,0,no,NA,12323.94,418829754,8583457,0
842,23,female,32.8,2,yes,EMEA,36021.01,623431238,2375673,0
843,57,female,29.8,0,yes,EMEA,27533.91,845744847,2163781,0
844,53,male,30.5,0,no,NA,10072.06,323365512,5635569,0
845,60,female,32.5,0,yes,EMEA,45008.96,833857762,4815165,0
846,51,female,34.2,1,no,EMEA,9872.70,169286821,1477758,0
847,23,male,50.4,1,no,EMEA,2438.06,921732885,9654738,0
848,27,female,24.1,0,no,EMEA,2974.13,119289985,5867452,0
849,55,male,32.8,0,no,NA,10601.63,259917126,9275959,0
850,37,female,30.8,0,yes,NA,37270.15,348662573,9327549,0
851,61,male,32.3,2,no,NA,14119.62,989547887,1641896,0
852,46,female,35.5,0,yes,NA,42111.66,996386125,2876843,0
853,53,female,23.8,2,no,NA,11729.68,161436986,7461557,0
854,49,female,23.8,3,yes,NA,24106.91,484755841,1198613,0
855,20,female,29.6,0,no,EMEA,1875.34,396293957,9432141,0
856,48,female,33.1,0,yes,EMEA,40974.16,431448131,6836192,0
857,25,male,24.1,0,yes,NA,15817.99,847831921,1146256,1
858,25,female,32.2,1,no,EMEA,18218.16,849236231,4333846,0
859,57,male,28.1,0,no,EMEA,10965.45,689187916,8265746,0
860,37,female,47.6,2,yes,EMEA,46113.51,677347288,5683145,0
861,38,female,28.0,3,no,EMEA,7151.09,714795852,1391656,0
862,55,female,33.5,2,no,NA,12269.69,614987121,8385854,0
863,36,female,19.9,0,no,NA,5458.05,923666174,5481572,0
864,51,male,25.4,0,no,EMEA,8782.47,842487827,9321348,0
865,40,male,29.9,2,no,EMEA,6600.36,149134515,2718938,0
866,18,male,37.3,0,no,EMEA,1141.45,947439259,2915584,0
867,57,male,43.7,1,no,EMEA,11576.13,939711836,2734734,0
868,61,male,23.7,0,no,NA,13129.60,341917739,6482494,0
869,25,female,24.3,3,no,EMEA,4391.65,216372157,7137962,0
870,50,male,36.2,0,no,EMEA,8457.82,858496211,2254753,0
871,26,female,29.5,1,no,EMEA,3392.37,712734234,2526355,0
872,42,male,24.9,0,no,EMEA,5966.89,117457338,4863226,0
873,43,male,30.1,1,no,EMEA,6849.03,165177648,7281225,0
874,44,male,21.9,3,no,NA,8891.14,618313586,4628271,1
875,23,female,28.1,0,no,NA,2690.11,773375574,7818211,0
876,49,female,27.1,1,no,EMEA,26140.36,658281131,2843257,0
877,33,male,33.4,5,no,EMEA,6653.79,349176778,7768614,0
878,41,male,28.8,1,no,EMEA,6282.24,164699975,1513771,0
879,37,female,29.5,2,no,EMEA,6311.95,278981775,8951311,0
880,22,male,34.8,3,no,EMEA,3443.06,451212893,7761497,0
881,23,male,27.4,1,no,NA,2789.06,333858954,1988457,0
882,21,female,22.1,0,no,NA,2585.85,575575612,3323463,0
883,51,female,37.1,3,yes,NA,46255.11,865782846,6827641,0
884,25,male,26.7,4,no,NA,4877.98,445418772,6132442,0
885,32,male,28.9,1,yes,EMEA,19719.69,732393553,6457478,0
886,57,male,29.0,0,yes,NA,27218.44,152496415,3417228,0
887,36,female,30.0,0,no,NA,5272.18,527663688,7623548,0
888,22,male,39.5,0,no,EMEA,1682.60,827247797,6196619,0
889,57,male,33.6,1,no,NA,11945.13,871521724,8572578,0
890,64,female,26.9,0,yes,NA,29330.98,887897291,4115244,0
891,36,female,29.0,4,no,EMEA,7243.81,962967384,2619177,0
892,54,male,24.0,0,no,NA,10422.92,137179266,5218819,0
893,47,male,38.9,2,yes,EMEA,44202.65,599624723,6856864,0
894,62,male,32.1,0,no,NA,13555.00,547318415,4262716,0
895,61,female,44.0,0,no,EMEA,13063.88,847651475,1154696,0
896,43,female,20.0,2,yes,NA,19798.05,919318786,8239342,0
897,19,male,25.6,1,no,NA,2221.56,398925518,8934588,0
898,18,female,40.3,0,no,EMEA,1634.57,851694549,2417335,0
899,19,female,22.5,0,no,NA,2117.34,559574361,2361288,0
900,49,male,22.5,0,no,NA,8688.86,456171257,8543288,0
901,60,male,40.9,0,yes,EMEA,48673.56,134764962,7431419,0
902,26,male,27.3,3,no,NA,4661.29,256157432,3555567,0
903,49,male,36.9,0,no,EMEA,8125.78,875762272,5381428,0
904,60,female,35.1,0,no,EMEA,12644.59,918662986,1782324,0
905,26,female,29.4,2,no,NA,4564.19,266638667,3292673,0
906,27,male,32.6,3,no,NA,4846.92,553544929,9125147,0
907,44,female,32.3,1,no,EMEA,7633.72,731646884,9481285,0
908,63,male,39.8,3,no,EMEA,15170.07,344837116,4616827,0
909,32,female,24.6,0,yes,EMEA,17496.31,848544989,1943853,1
910,22,male,28.3,1,no,NA,2639.04,187387942,5142131,0
911,18,male,31.7,0,yes,NA,33732.69,348555924,2547518,0
912,59,female,26.7,3,no,NA,14382.71,237375482,9453794,0
913,44,female,27.5,1,no,EMEA,7626.99,181478346,9566762,0
914,33,male,24.6,2,no,NA,5257.51,963191344,2281634,0
915,24,female,34.0,0,no,EMEA,2473.33,682143881,3766149,0
916,43,female,26.9,0,yes,NA,21774.32,419462375,7247864,0
917,45,male,22.9,0,yes,NA,35069.37,375488573,3378784,0
918,61,female,28.2,0,no,EMEA,13041.92,332499278,3566362,0
919,35,female,34.2,1,no,EMEA,5245.23,641872349,8263788,0
920,62,female,25.0,0,no,EMEA,13451.12,778244975,3849752,0
921,62,female,33.2,0,no,EMEA,13462.52,431872727,8563453,0
922,38,male,31.0,1,no,EMEA,5488.26,745459165,5453796,0
923,34,male,35.8,0,no,NA,4320.41,197928227,3329557,0
924,43,male,23.2,0,no,EMEA,6250.44,721637621,3742233,0
925,50,male,32.1,2,no,NA,25333.33,489674637,8424219,1
926,19,female,23.4,2,no,EMEA,2913.57,254382594,1737697,0
927,57,female,20.1,1,no,EMEA,12032.33,261695251,1989293,0
928,62,female,39.2,0,no,EMEA,13470.80,141796265,3278425,0
929,41,male,34.2,1,no,EMEA,6289.75,858247344,5523895,0
930,26,male,46.5,1,no,EMEA,2927.06,692326739,2152688,0
931,39,female,32.5,1,no,EMEA,6238.30,445859745,8299281,0
932,46,male,25.8,5,no,EMEA,10096.97,979167436,7227321,1
933,45,female,35.3,0,no,EMEA,7348.14,928279921,6131627,0
934,32,male,37.2,2,no,EMEA,4673.39,833648241,6141493,0
935,59,female,27.5,0,no,EMEA,12233.83,587122187,7365981,0
936,44,male,29.7,2,no,NA,32108.66,546768924,6344655,0
937,39,female,24.2,5,no,NA,8965.80,255721952,3153543,0
938,18,male,26.2,2,no,EMEA,2304.00,521479761,5829469,0
939,53,male,29.5,0,no,EMEA,9487.64,665816357,3896241,0
940,18,male,23.2,0,no,EMEA,1121.87,334846821,5795324,0
941,50,female,46.1,1,no,EMEA,9549.57,941342584,9892842,0
942,18,female,40.2,0,no,NA,2217.47,731221241,4399537,0
943,19,male,22.6,0,no,NA,1628.47,613668686,4767895,1
944,62,male,39.9,0,no,EMEA,12982.87,391817153,9428249,0
945,56,female,35.8,1,no,EMEA,11674.13,852977581,7332156,0
946,42,male,35.8,2,no,EMEA,7160.09,162497718,7985328,0
947,37,male,34.2,1,yes,NA,39047.29,269562448,6882611,0
948,42,male,31.3,0,no,NA,6358.78,522639418,8189537,0
949,25,male,29.7,3,yes,EMEA,19933.46,774294272,2152833,0
950,57,male,18.3,0,no,NA,11534.87,425662119,7825361,0
951,51,male,42.9,2,yes,EMEA,47462.89,898835465,9846891,0
952,30,female,28.4,1,no,NA,4527.18,137988657,6266317,0
953,44,male,30.2,2,yes,EMEA,38998.55,888964949,1572286,0
954,34,male,27.8,1,yes,NA,20009.63,798573626,6232718,0
955,31,male,39.5,1,no,EMEA,3875.73,568458916,2131938,0
956,54,male,30.8,1,yes,EMEA,41999.52,716853534,1782556,1
957,24,male,26.8,1,no,NA,12609.89,421976555,9362912,0
958,43,male,35.0,1,yes,NA,41034.22,915996594,5723582,0
959,48,male,36.7,1,no,NA,28468.92,296839879,7373763,0
960,19,female,39.6,1,no,NA,2730.11,321255227,7112894,0
961,29,female,25.9,0,no,EMEA,3353.28,587258888,3269921,0
962,63,female,35.2,1,no,EMEA,14474.68,174369613,2365586,1
963,46,male,24.8,3,no,NA,9500.57,333849993,5839395,0
964,52,male,36.8,2,no,NA,26467.10,878393112,8628951,0
965,35,male,27.1,1,no,EMEA,4746.34,845271566,9928849,0
966,51,male,24.8,2,yes,NA,23967.38,648813842,8226729,0
967,44,male,25.4,1,no,NA,7518.03,252628929,2833784,0
968,21,male,25.7,2,no,NA,3279.87,768575883,7692372,0
969,39,female,34.3,5,no,EMEA,8596.83,333558297,1623192,0
970,50,female,28.2,3,no,EMEA,10702.64,375227619,6987883,0
971,34,female,23.6,0,no,NA,4992.38,758953179,1589859,0
972,22,female,20.2,0,no,NA,2527.82,331227332,2468925,0
973,19,female,40.5,0,no,EMEA,1759.34,332392948,1739224,0
974,26,male,35.4,0,no,EMEA,2322.62,811789859,8193869,0
975,29,male,22.9,0,yes,NA,16138.76,418784953,4371536,0
976,48,male,40.2,0,no,EMEA,7804.16,531448343,9398228,0
977,26,male,29.2,1,no,EMEA,2902.91,795243226,6953124,0
978,45,female,40.0,3,no,NA,9704.67,269592171,2765629,0
979,36,female,29.9,0,no,EMEA,4889.04,989821436,1896827,0
980,54,male,25.5,1,no,NA,25517.11,592845273,7492548,0
981,34,male,21.4,0,no,NA,4500.34,145539959,8536377,0
982,31,male,25.9,3,yes,EMEA,19199.94,381116455,8385326,0
983,27,female,30.6,1,no,NA,16796.41,533626141,3455642,0
984,20,male,30.1,5,no,NA,4915.06,491513757,5742359,0
985,44,female,25.8,1,no,EMEA,7624.63,729222913,7127744,0
986,43,male,30.1,3,no,NA,8410.05,429727715,2736383,0
987,45,female,27.6,1,no,NA,28340.19,292826384,4778364,0
988,34,male,34.7,0,no,NA,4518.83,973268968,8112255,0
989,24,female,20.5,0,yes,NA,14571.89,485195565,4949879,0
990,26,female,19.8,1,no,EMEA,3378.91,252682916,2439236,0
991,38,female,27.8,2,no,NA,7144.86,721329996,1473833,0
992,50,female,31.6,2,no,EMEA,10118.42,431682582,7512663,0
993,38,male,28.3,1,no,EMEA,5484.47,178855529,6271552,0
994,27,female,20.0,3,yes,NA,16420.49,178548889,5883943,0
995,39,female,23.3,3,no,NA,7986.48,496726421,7255684,0
996,39,female,34.1,3,no,EMEA,7418.52,178364694,1813211,0
997,63,female,36.9,0,no,EMEA,13887.97,649351726,3912722,0
998,33,female,36.3,3,no,NA,6551.75,623641254,9742552,0
999,36,female,26.9,0,no,NA,5267.82,581329671,4363269,0
1000,30,male,23.0,2,yes,NA,17361.77,456723897,6686398,0
1001,24,male,32.7,0,yes,EMEA,34472.84,626911677,9524268,0
1002,24,male,25.8,0,no,EMEA,1972.95,417434925,7151665,0
1003,48,male,29.6,0,no,EMEA,21232.18,444612893,7334586,0
1004,47,male,19.2,1,no,NA,8627.54,587126366,2166924,0
1005,29,male,31.7,2,no,NA,4433.39,719355782,9371151,0
1006,28,male,29.3,2,no,NA,4438.26,931167535,9575341,0
1007,47,male,28.2,3,yes,NA,24915.22,199552154,7942123,0
1008,25,male,25.0,2,no,NA,23241.47,469521832,9757126,0
1009,51,male,27.7,1,no,NA,9957.72,628472292,1566852,0
1010,48,female,22.8,0,no,EMEA,8269.04,659452939,8768522,0
1011,43,male,20.1,2,yes,EMEA,18767.74,786865219,8262381,0
1012,61,female,33.3,4,no,EMEA,36580.28,781373169,8365793,1
1013,48,male,32.3,1,no,NA,8765.25,841517553,6551427,1
1014,38,female,27.6,0,no,EMEA,5383.54,291584395,3211419,0
1015,59,male,25.5,0,no,NA,12124.99,889867387,6189616,0
1016,19,female,24.6,1,no,NA,2709.24,734957912,4955887,0
1017,26,female,34.2,2,no,EMEA,3987.93,235563877,2863238,0
1018,54,female,35.8,3,no,NA,12495.29,489332762,1398955,0
1019,21,female,32.7,2,no,NA,26018.95,253622195,2352291,0
1020,51,male,37.0,0,no,EMEA,8798.59,396972391,6271745,0
1021,22,female,31.0,3,yes,EMEA,35595.59,171245415,3775387,0
1022,47,male,36.1,1,yes,EMEA,42211.14,331652986,4573653,0
1023,18,male,23.3,1,no,EMEA,1711.03,744724224,2823276,0
1024,47,female,45.3,1,no,EMEA,8569.86,194177219,7589263,0
1025,21,female,34.6,0,no,EMEA,2020.18,213718433,7382647,0
1026,19,male,26.0,1,yes,NA,16450.89,674666181,3243572,0
1027,23,male,18.7,0,no,NA,21595.38,717185665,6391282,0
1028,54,male,31.6,0,no,EMEA,9850.43,626277895,5197763,0
1029,37,female,17.3,2,no,NA,6877.98,511887491,1373944,0
1030,46,female,23.7,1,yes,NA,21677.28,616642336,6143756,0
1031,55,female,35.2,0,yes,EMEA,44423.80,782967466,3224598,0
1032,30,female,27.9,0,no,NA,4137.52,461587471,8385951,0
1033,18,male,21.6,0,yes,NA,13747.87,521726228,6132792,0
1034,61,male,38.4,0,no,NA,12950.07,372642888,6824954,0
1035,54,female,23.0,3,no,EMEA,12094.48,974187869,8618789,0
1036,22,male,37.1,2,yes,EMEA,37484.45,142777449,2752765,0
1037,45,female,30.5,1,yes,NA,39725.52,819495887,9317541,0
1038,22,male,28.9,0,no,NA,2250.84,655878564,1387981,0
1039,19,male,27.3,2,no,NA,22493.66,599732718,4329958,0
1040,35,female,28.0,0,yes,NA,20234.85,697768593,8371769,0
1041,18,male,23.1,0,no,NA,1704.70,873845848,4851723,0
1042,20,male,30.7,0,yes,NA,33475.82,477599232,5866276,0
1043,28,female,25.8,0,no,EMEA,3161.45,191939186,7323417,0
1044,55,male,35.2,1,no,NA,11394.07,348837728,2139367,1
1045,43,female,24.7,2,yes,NA,21880.82,573879656,9917952,0
1046,43,female,25.1,0,no,NA,7325.05,426372491,7567659,0
1047,22,male,52.6,1,yes,EMEA,44501.40,785123196,3425384,0
1048,25,female,22.5,1,no,NA,3594.17,333589244,9846878,0
1049,49,male,30.9,0,yes,EMEA,39727.61,953487937,5773733,0
1050,44,female,37.0,1,no,NA,8023.14,589882485,4418783,0
1051,64,male,26.4,0,no,NA,14394.56,878167154,6471384,0
1052,49,male,29.8,1,no,NA,9288.03,898877725,6528234,0
1053,47,male,29.8,3,yes,EMEA,25309.49,352474813,7482462,0
1054,27,female,21.5,0,no,NA,3353.47,211674848,2179195,0
1055,55,male,27.6,0,no,NA,10594.50,554391846,2947723,0
1056,48,female,28.9,0,no,EMEA,8277.52,796583558,4487637,0
1057,45,female,31.8,0,no,EMEA,17929.30,862282123,8878424,0
1058,24,female,39.5,0,no,EMEA,2480.98,356483685,8499259,0
1059,32,male,33.8,1,no,NA,4462.72,264259369,2628727,0
1060,24,male,32.0,0,no,EMEA,1981.58,627372739,4484788,1
1061,57,male,27.9,1,no,EMEA,11554.22,457262547,4585693,0
1062,59,male,41.1,1,yes,EMEA,48970.25,865191582,3914492,0
1063,36,male,28.6,3,no,NA,6548.20,119855558,7768987,0
1064,29,female,25.6,4,no,EMEA,5708.87,779836166,7965832,0
1065,42,female,25.3,1,no,EMEA,7045.50,424482945,7795835,0
1066,48,male,37.3,2,no,EMEA,8978.19,417265262,3524869,0
1067,39,male,42.7,0,no,NA,5757.41,175258243,5244625,0
1068,63,male,21.7,1,no,NA,14349.85,754623119,8335532,0
1069,54,female,31.9,1,no,EMEA,10928.85,761562735,7122878,0
1070,37,male,37.1,1,yes,EMEA,39871.70,218268672,9752624,0
1071,63,male,31.4,0,no,NA,13974.46,616112635,9822454,0
1072,21,male,31.3,0,no,NA,1909.53,325213612,8876658,0
1073,54,female,28.9,2,no,NA,12096.65,434717176,3375755,0
1074,60,female,18.3,0,no,NA,13204.29,788951627,4898252,0
1075,32,female,29.6,1,no,EMEA,4562.84,512252187,9924447,1
1076,47,female,32.0,1,no,EMEA,8551.35,644192179,1695257,0
1077,21,male,26.0,0,no,NA,2102.26,475474894,9887349,0
1078,28,male,31.7,0,yes,EMEA,34672.15,574373975,7117148,0
1079,63,male,33.7,3,no,EMEA,15161.53,297835344,2651137,0
1080,18,male,21.8,2,no,EMEA,11884.05,342239239,4119798,0
1081,32,male,27.8,1,no,NA,4454.40,857659618,5271539,0
1082,38,male,20.0,1,no,NA,5855.90,169253956,2841417,0
1083,32,male,31.5,1,no,EMEA,4076.50,129215417,8115535,0
1084,62,female,30.5,2,no,NA,15019.76,861851993,9391883,0
1085,39,female,18.3,5,yes,EMEA,19023.26,832993519,9712712,0
1086,55,male,29.0,0,no,NA,10796.35,353825768,2176446,0
1087,57,male,31.5,0,no,NA,11353.23,574673527,5516736,0
1088,52,male,47.7,1,no,EMEA,9748.91,619266258,9947925,0
1089,56,male,22.1,0,no,EMEA,10577.09,586742839,2187964,0
1090,47,male,36.2,0,yes,EMEA,41676.08,172668714,8717793,0
1091,55,female,29.8,0,no,NA,11286.54,433678722,2335962,0
1092,23,male,32.7,3,no,EMEA,3591.48,928114426,2773767,0
1093,22,female,30.4,0,yes,NA,33907.55,992399477,3139572,0
1094,50,female,33.7,4,no,EMEA,11299.34,687442385,7595195,0
1095,18,female,31.4,4,no,NA,4561.19,716581289,9816158,0
1096,51,female,35.0,2,yes,NA,44641.20,518888699,6855684,0
1097,22,male,33.8,0,no,EMEA,1674.63,395854898,6697529,0
1098,52,female,30.9,0,no,NA,23045.57,837322294,8621557,0
1099,25,female,34.0,1,no,EMEA,3227.12,846698767,9168978,0
1100,33,female,19.1,2,yes,NA,16776.30,747829984,6232716,0
1101,53,male,28.6,3,no,EMEA,11253.42,717171193,5715728,0
1102,29,male,38.9,1,no,EMEA,3471.41,626562752,8341111,0
1103,58,male,36.1,0,no,EMEA,11363.28,763826534,1445322,0
1104,37,male,29.8,0,no,EMEA,20420.60,713645182,6535824,0
1105,54,female,31.2,0,no,EMEA,10338.93,656622414,8278451,0
1106,49,female,29.9,0,no,NA,8988.16,377867575,8255349,0
1107,50,female,26.2,2,no,NA,10493.95,564176966,2663478,0
1108,26,male,30.0,1,no,EMEA,2904.09,352773455,6569853,0
1109,45,male,20.4,3,no,EMEA,8605.36,573264654,5685969,0
1110,54,female,32.3,1,no,NA,11512.41,947719872,2828474,0
1111,38,male,38.4,3,yes,EMEA,41949.24,433428288,1968399,0
1112,48,female,25.9,3,yes,EMEA,24180.93,646381232,6119377,0
1113,28,female,26.3,3,no,NA,5312.17,161738675,9915699,0
1114,23,male,24.5,0,no,NA,2396.10,285652825,7824253,0
1115,55,male,32.7,1,no,EMEA,10807.49,751194491,3971687,0
1116,41,male,29.6,5,no,NA,9222.40,512331787,7335233,0
1117,25,male,33.3,2,yes,EMEA,36124.57,258714568,8416435,0
1118,33,male,35.8,1,yes,EMEA,38282.75,432522153,9354897,0
1119,30,female,20.0,3,no,NA,5693.43,553159638,5295858,0
1120,23,female,31.4,0,yes,EMEA,34166.27,769123532,7473952,0
1121,46,male,38.2,2,no,EMEA,8347.16,141561581,5875547,1
1122,53,female,36.9,3,yes,NA,46661.44,381476972,8268375,0
1123,27,female,32.4,1,no,NA,18903.49,196457852,1926283,0
1124,23,female,42.8,1,yes,NA,40904.20,182487288,3119769,0
1125,63,female,25.1,0,no,NA,14254.61,729726594,5664466,0
1126,55,male,29.9,0,no,EMEA,10214.64,665375739,6391122,0
1127,35,female,35.9,2,no,EMEA,5836.52,643165145,2348132,0
1128,34,male,32.8,1,no,EMEA,14358.36,681914317,9659914,0
1129,19,female,18.6,0,no,EMEA,1728.90,126834493,6449173,0
1130,39,female,23.9,5,no,EMEA,8582.30,654988368,6638384,1
1131,27,male,45.9,2,no,EMEA,3693.43,295743154,7844771,0
1132,57,male,40.3,0,no,NA,20709.02,857378478,9699576,0
1133,52,female,18.3,0,no,NA,9991.04,528448223,6569895,0
1134,28,male,33.8,0,no,NA,19673.34,316578452,5891773,0
1135,50,female,28.1,3,no,NA,11085.59,436761447,3446621,0
1136,44,female,25.0,1,no,EMEA,7623.52,846138628,5321954,0
1137,26,female,22.2,0,no,NA,3176.29,772455623,7225714,0
1138,33,male,30.3,0,no,EMEA,3704.35,937771894,3183156,0
1139,19,female,32.5,0,yes,NA,36898.73,872458186,3653628,0
1140,50,male,37.1,1,no,EMEA,9048.03,125299112,6414648,0
1141,41,female,32.6,3,no,EMEA,7954.52,294375767,8127292,0
1142,52,female,24.9,0,no,EMEA,27117.99,546837975,4871852,1
1143,39,male,32.3,2,no,EMEA,6338.08,474655967,7824424,1
1144,50,male,32.3,2,no,EMEA,9630.40,266734671,6429545,0
1145,52,male,32.8,3,no,NA,11289.11,492637425,3912176,0
1146,60,male,32.8,0,yes,EMEA,52590.83,361832915,7487611,0
1147,20,female,31.9,0,no,NA,2261.57,441467942,3999739,0
1148,55,male,21.5,1,no,EMEA,10791.96,494669965,5664141,0
1149,42,male,34.1,0,no,EMEA,5979.73,355943794,6823874,0
1150,18,female,30.3,0,no,NA,2203.74,495574611,2965271,1
1151,58,female,36.5,0,no,NA,12235.84,657332715,5386111,0
1152,43,female,32.6,3,yes,EMEA,40941.29,924696251,2971114,0
1153,35,female,35.8,1,no,NA,5630.46,351253155,1866345,0
1154,48,female,27.9,4,no,NA,11015.17,848174233,5894482,0
1155,36,female,22.1,3,no,NA,7228.22,619177898,5345311,0
1156,19,male,44.9,0,yes,EMEA,39722.75,858425724,7368911,0
1157,23,female,23.2,2,no,NA,14426.07,589918839,6286977,1
1158,20,female,30.6,0,no,NA,2459.72,517815482,2489993,0
1159,32,female,41.1,0,no,EMEA,3989.84,154955874,9925131,0
1160,43,female,34.6,1,no,NA,7727.25,818188537,5511998,1
1161,34,male,42.1,2,no,EMEA,5124.19,316944374,6942871,0
1162,30,male,38.8,1,no,EMEA,18963.17,731272764,2536528,0
1163,18,female,28.2,0,no,NA,2200.83,412313652,4869278,1
1164,41,female,28.3,1,no,NA,7153.55,846428612,4545579,0
1165,35,female,26.1,0,no,NA,5227.99,829495486,2531331,0
1166,57,male,40.4,0,no,EMEA,10982.50,796384436,7564776,0
1167,29,female,24.6,2,no,EMEA,4529.48,675967143,9516859,0
1168,32,male,35.2,2,no,EMEA,4670.64,739857368,9687716,0
1169,37,female,34.1,1,no,NA,6112.35,653766177,4696314,0
1170,18,male,27.4,1,yes,NA,17178.68,459559831,9671226,1
1171,43,female,26.7,2,yes,EMEA,22478.60,255183858,2966476,0
1172,56,female,41.9,0,no,EMEA,11093.62,124369458,5183784,0
1173,38,male,29.3,2,no,NA,6457.84,755332843,1686744,0
1174,29,male,32.1,2,no,NA,4433.92,995659664,6178753,1
1175,22,female,27.1,0,no,EMEA,2154.36,675764421,6293174,0
1176,52,female,24.1,1,yes,NA,23887.66,943772459,5687821,0
1177,40,female,27.4,1,no,EMEA,6496.89,421123497,4831251,0
1178,23,female,34.9,0,no,NA,2899.49,673552174,6779415,0
1179,31,male,29.8,0,yes,EMEA,19350.37,183234899,6535856,0
1180,42,female,41.3,1,no,NA,7650.77,625161124,5354734,0
1181,24,female,29.9,0,no,NA,2850.68,973364828,9694199,1
1182,25,female,30.3,0,no,EMEA,2632.99,742159428,8417711,0
1183,48,female,27.4,1,no,NA,9447.38,911212197,7636775,1
1184,23,female,28.5,1,yes,EMEA,18328.24,946222856,2941127,0
1185,45,male,23.6,2,no,NA,8603.82,899529939,7841116,0
1186,20,male,35.6,3,yes,NA,37465.34,727121745,5191171,0
1187,62,female,32.7,0,no,NA,13844.80,893795691,8375941,0
1188,43,female,25.3,1,yes,NA,21771.34,977344586,1672624,0
1189,23,female,28.0,0,no,EMEA,13126.68,587368366,9913215,0
1190,31,female,32.8,2,no,NA,5327.40,856969819,5361591,0
1191,41,female,21.8,1,no,NA,13725.47,198848964,8552686,0
1192,58,female,32.4,1,no,NA,13019.16,915863655,6559928,0
1193,48,female,36.6,0,no,NA,8671.19,373323995,4155413,0
1194,31,female,21.8,0,no,NA,4134.08,652717442,8693891,0
1195,19,female,27.9,3,no,NA,18838.70,374532255,5779392,0
1196,19,female,30.0,0,yes,NA,33307.55,695544338,2144681,0
1197,41,male,33.6,0,no,EMEA,5699.84,631751929,9452675,0
1198,40,male,29.4,1,no,NA,6393.60,697356658,4868621,0
1199,31,female,25.8,2,no,EMEA,4934.71,832968589,3693687,0
1200,37,male,24.3,2,no,NA,6198.75,446968882,1513457,0
1201,46,male,40.4,2,no,NA,8733.23,671268958,4949234,0
1202,22,male,32.1,0,no,NA,2055.32,926715718,1918385,0
1203,51,male,32.3,1,no,NA,9964.06,999518665,2453419,0
1204,18,female,27.3,3,yes,EMEA,18223.45,368431449,8629395,0
1205,35,male,17.9,1,no,NA,5116.50,419954117,6787499,0
1206,59,female,34.8,2,no,EMEA,36910.61,191566823,1988863,0
1207,36,male,33.4,2,yes,EMEA,38415.47,164772926,3949863,0
1208,37,female,25.6,1,yes,NA,20296.86,645265527,4464945,0
1209,59,male,37.1,1,no,EMEA,12347.17,125341811,2836846,0
1210,36,male,30.9,1,no,NA,5373.36,729471328,8635831,0
1211,39,male,34.1,2,no,EMEA,23563.02,448936878,3295114,0
1212,18,male,21.5,0,no,NA,1702.46,448127876,6477549,0
1213,52,female,33.3,2,no,EMEA,10806.84,935889154,6544685,1
1214,27,female,31.3,1,no,NA,3956.07,176643218,5961347,0
1215,18,male,39.1,0,no,NA,12890.06,191577792,3491929,0
1216,40,male,25.1,0,no,EMEA,5415.66,115673546,2599492,0
1217,29,male,37.3,2,no,EMEA,4058.12,379141124,8423957,0
1218,46,female,34.6,1,yes,EMEA,41661.60,593492212,8913167,0
1219,38,female,30.2,3,no,NA,7537.16,482716482,8187616,0
1220,30,female,21.9,1,no,NA,4718.20,565536961,6239116,0
1221,40,male,25.0,2,no,EMEA,6593.51,687411733,3285961,0
1222,50,male,25.3,0,no,EMEA,8442.67,861869866,9812483,0
1223,20,female,24.4,0,yes,EMEA,26125.67,337625599,3785995,0
1224,41,male,23.9,1,no,NA,6858.48,341329957,7936225,0
1225,33,female,39.8,1,no,EMEA,4795.66,159245439,2316871,0
1226,38,male,16.8,2,no,NA,6640.54,357886581,5465431,1
1227,42,male,37.2,2,no,EMEA,7162.01,353889332,4618419,0
1228,56,male,34.4,0,no,EMEA,10594.23,284479577,3243868,0
1229,58,male,30.3,0,no,NA,11938.26,156135594,2561754,0
1230,52,male,34.5,3,yes,NA,60021.40,741446275,2611548,0
1231,20,female,21.8,0,yes,EMEA,20167.34,987625393,7271157,0
1232,54,female,24.6,3,no,NA,12479.71,342326292,3466759,0
1233,58,male,23.3,0,no,EMEA,11345.52,365871697,6885215,0
1234,45,female,27.8,2,no,EMEA,8515.76,667582622,2732786,0
1235,26,male,31.1,0,no,NA,2699.57,567494535,6943642,0
1236,63,female,21.7,0,no,NA,14449.85,711718846,1188338,1
1237,58,female,28.2,0,no,NA,12224.35,828415785,5976448,0
1238,37,male,22.7,3,no,NA,6985.51,286518421,4562224,0
1239,25,female,42.1,1,no,EMEA,3238.44,358154733,2335889,0
1240,52,male,41.8,2,yes,EMEA,47269.85,931333542,9478858,0
1241,64,male,37.0,2,yes,EMEA,49577.66,691193871,8738119,0
1242,22,female,21.3,3,no,NA,4296.27,651222977,3732949,0
1243,28,female,33.1,0,no,EMEA,3171.61,691667443,9524275,0
1244,18,male,33.3,0,no,EMEA,1135.94,848971189,6828689,0
1245,28,male,24.3,5,no,EMEA,5615.37,537669158,2586211,0
1246,45,female,25.7,3,no,EMEA,9101.80,948454811,6373485,0
1247,33,male,29.4,4,no,EMEA,6059.17,987499265,2443966,0
1248,18,female,39.8,0,no,EMEA,1633.96,169113573,8779952,0
1249,32,male,33.6,1,yes,NA,37607.53,791373734,9172545,0
1250,24,male,29.8,0,yes,NA,18648.42,585116582,9464596,0
1251,19,male,19.8,0,no,EMEA,1241.57,481624156,9567382,0
1252,20,male,27.3,0,yes,EMEA,16232.85,887226317,6125222,0
1253,40,female,29.3,4,no,EMEA,15828.82,214857971,7195585,0
1254,34,female,27.7,0,no,EMEA,4415.16,537453421,4291899,0
1255,42,female,37.9,0,no,EMEA,6474.01,461467431,7593583,0
1256,51,female,36.4,3,no,NA,11436.74,837559433,5559735,0
1257,54,female,27.6,1,no,NA,11305.93,326777963,8415398,0
1258,55,male,37.7,3,no,NA,30063.58,621283727,4239222,0
1259,52,female,23.2,0,no,NA,10197.77,262193734,9849698,0
1260,32,female,20.5,0,no,NA,4544.23,881488594,4682924,0
1261,28,male,37.1,1,no,EMEA,3277.16,149173551,3621143,0
1262,41,female,28.1,1,no,EMEA,6770.19,597231666,5919991,0
1263,43,female,29.9,1,no,EMEA,7337.75,521271895,1684826,0
1264,49,female,33.3,2,no,NA,10370.91,944382898,9192218,0
1265,64,male,23.8,0,yes,EMEA,26926.51,229764327,7854696,0
1266,55,female,30.5,0,no,EMEA,10704.47,536419471,2646445,0
1267,24,male,31.1,0,yes,NA,34254.05,256655391,3929188,0
1268,20,female,33.3,0,no,EMEA,1880.49,431889227,2584336,0
1269,45,male,27.5,3,no,EMEA,8615.30,422619723,3764334,0
1270,26,male,33.9,1,no,NA,3292.53,641294396,1894645,0
1271,25,female,34.5,0,no,NA,3021.81,891636219,1897337,0
1272,43,male,25.5,5,no,EMEA,14478.33,781555446,8822279,0
1273,35,male,27.6,1,no,EMEA,4747.05,572189551,1497941,0
1274,26,male,27.1,0,yes,EMEA,17043.34,444866638,5872879,0
1275,57,male,23.7,0,no,EMEA,10959.33,845338652,4374741,1
1276,22,female,30.4,0,no,NA,2741.95,374751289,6588552,0
1277,32,female,29.7,0,no,NA,4357.04,832943979,7375788,1
1278,39,male,29.9,1,yes,NA,22462.04,496783355,9439499,0
1279,25,female,26.8,2,no,NA,4189.11,475763774,8255556,0
1280,48,female,33.3,0,no,EMEA,8283.68,361746799,7222868,0
1281,47,female,27.6,2,yes,NA,24535.70,582853123,7896181,0
1282,18,female,21.7,0,yes,NA,14283.46,532495386,5171897,0
1283,18,male,30.0,1,no,EMEA,1720.35,586463413,8197574,0
1284,61,male,36.3,1,yes,EMEA,47403.88,859795841,4761383,0
1285,47,female,24.3,0,no,NA,8534.67,636278175,5675933,0
1286,28,female,17.3,0,no,NA,3732.63,772447839,5771121,0
1287,36,female,25.9,1,no,EMEA,5472.45,568441421,3311918,0
1288,20,male,39.4,2,yes,EMEA,38344.57,594332648,2895492,0
1289,44,male,34.3,1,no,EMEA,7147.47,257784484,4174342,0
1290,38,female,20.0,2,no,NA,7133.90,298423489,5355886,0
1291,19,male,34.9,0,yes,EMEA,34828.65,696885647,5723215,0
1292,21,male,23.2,0,no,EMEA,1515.34,984884214,6296366,0
1293,46,male,25.7,3,no,NA,9301.89,972723552,1936219,0
1294,58,male,25.2,0,no,NA,11931.13,341291442,4657188,0
1295,20,male,22.0,1,no,EMEA,1964.78,889217283,3473594,0
1296,18,male,26.1,0,no,NA,1708.93,319431239,3851618,0
1297,28,female,26.5,2,no,EMEA,4340.44,259777453,5698818,0
1298,33,male,27.5,2,no,NA,5261.47,645616738,2647433,0
1299,19,female,25.7,1,no,NA,2710.83,367574198,4469663,0
1300,45,male,30.4,0,yes,EMEA,62592.87,486737558,6796992,0
1301,62,male,30.9,3,yes,NA,46718.16,329455582,2986468,0
1302,25,female,20.8,1,no,EMEA,3208.79,365718147,5735263,0
1303,43,male,27.8,0,yes,EMEA,37829.72,318391635,6768823,0
1304,42,male,24.6,2,yes,NA,21259.38,248722131,6883381,0
1305,24,female,27.7,0,no,EMEA,2464.62,384371427,9512119,0
1306,29,female,21.9,0,yes,NA,16115.30,881745791,1711654,0
1307,32,male,28.1,4,yes,NA,21472.48,747391892,2376345,0
1308,25,female,30.2,0,yes,EMEA,33900.65,633145569,2846784,0
1309,41,male,32.2,2,no,EMEA,6875.96,899197233,7182246,0
1310,42,male,26.3,1,no,NA,6940.91,498669873,5719693,0
1311,33,female,26.7,0,no,NA,4571.41,759714161,6681783,0
1312,34,male,42.9,1,no,EMEA,4536.26,714511311,4676643,0
1313,19,female,34.7,2,yes,EMEA,36397.58,914198514,7693234,0
1314,30,female,23.7,3,yes,NA,18765.88,949357473,4764955,0
1315,18,male,28.3,1,no,NA,11272.33,596952263,8414897,0
1316,19,female,20.6,0,no,EMEA,1731.68,186449462,4477766,0
1317,18,male,53.1,0,no,EMEA,1163.46,841286356,8463227,0
1318,35,male,39.7,4,no,NA,19496.72,431976326,6845881,0
1319,39,female,26.3,2,no,NA,7201.70,779163446,6749653,0
1320,31,male,31.1,3,no,NA,5425.02,811699417,2879221,0
1321,62,male,26.7,0,yes,NA,28101.33,282947754,8339461,0
1322,62,male,38.8,0,no,EMEA,12981.35,616431556,1586166,0
1323,42,female,40.4,2,yes,EMEA,43896.38,599636979,5325131,0
1324,31,male,25.9,1,no,NA,4239.89,394617596,5718313,0
1325,61,male,33.5,0,no,NA,13143.34,569352365,5384255,0
1326,42,female,32.9,0,no,NA,7050.02,132899421,2934632,0
1327,51,male,30.0,1,no,EMEA,9377.90,992473462,7792635,0
1328,23,female,24.2,2,no,NA,22395.74,288642198,5722431,0
1329,52,male,38.6,2,no,EMEA,10325.21,927157484,3393973,0
1330,57,female,25.7,2,no,EMEA,12629.17,965742842,3739924,1
1331,23,female,33.4,0,no,EMEA,10795.94,199747971,3387736,1
1332,52,female,44.7,3,no,EMEA,11411.69,926569317,3694494,0
1333,50,male,31.0,3,no,NA,10600.55,929658169,1347234,0
1334,18,female,31.9,0,no,NA,2205.98,625443742,8433516,0
1335,18,female,36.9,0,no,EMEA,1629.83,154978534,3795878,0
1336,21,female,25.8,0,no,EMEA,2007.95,788767947,2598139,1
1337,61,female,29.1,0,yes,NA,29141.36,678696122,2817211,0